HMT_AABW_S15_53_renamed	{'GC std': 0.011373230695206593, '# genomes': 207, 'Genome size': 786466, 'Longest contig': 52210, 'GCN0': ['TIGR02389', 'PF01667', 'PF01866', 'PF00164', 'TIGR00336', 'PF00750', 'PF07541', 'TIGR00670', 'PF00935', 'PF00623', 'PF04983', 'PF05000', 'PF05746'], 'GCN1': ['PF00298', 'PF00832', 'PF01287', 'TIGR00549', 'PF02005', 'TIGR00408', 'PF13685', 'PF00411', 'TIGR02153', 'PF00189', 'PF00203', 'PF01351', 'TIGR00392', 'PF01015', 'PF00181', 'PF00366', 'PF01780', 'PF01191', 'PF00177', 'PF01982', 'PF01193', 'PF01798', 'TIGR00389', 'PF03947', 'PF04010', 'TIGR01080', 'PF04563', 'PF01984', 'TIGR03724', 'PF01246', 'PF03764', 'PF03719', 'PF01198', 'PF13656', 'PF00276', 'PF04561', 'TIGR00289', 'PF00318', 'PF04019', 'PF04997', 'PF06026', 'PF00380', 'TIGR00344', 'PF01849', 'PF01090', 'PF00252', 'PF01201', 'PF01092', 'PF04567', 'PF04565', 'PF00900', 'PF04919', 'PF11987', 'PF00347', 'TIGR01213', 'PF09249', 'TIGR02076', 'PF01000', 'PF00572', 'PF00238', 'PF01269', 'PF00861', 'PF09173', 'PF03874', 'PF00466', 'PF00833', 'TIGR00329', 'PF00398', 'TIGR03679', 'PF00749', 'PF01912', 'TIGR03677', 'PF00867', 'TIGR00134', 'PF03439', 'TIGR03685', 'TIGR03683', 'PF05221', 'TIGR01018', 'PF08068', 'TIGR03665', 'PF03950', 'TIGR02338', 'PF06418', 'PF00297', 'TIGR00468', 'PF01280', 'TIGR00064', 'PF01655', 'PF01981', 'PF00827', 'PF01192', 'PF00673', 'PF00327', 'PF01194', 'PF00687', 'PF00736', 'TIGR00442', 'PF03484', 'PF00679', 'PF00562', 'PF00281', 'PF04566', 'TIGR00057', 'PF00752', 'PF00333', 'PF00410', 'TIGR01046', 'TIGR00522', 'PF01922', 'TIGR00425', 'TIGR00422', 'PF01200', 'PF04560', 'PF09377', 'PF04127', 'PF01172', 'PF08071', 'PF00237', 'PF00958', 'PF03876', 'TIGR00432', 'PF01157', 'PF01725', 'PF02978', 'PF00573'], 'GCN2': ['PF00312', 'TIGR00419', 'PF08069', 'PF00831', 'PF01868', 'PF00416'], 'marker lineage': 'k__Archaea', 'GC': 0.3257623342903571, 'GCN4': [], '# scaffolds': 45, 'Completeness': 92.90515309932786, 'GCN3': [], 'GCN5+': [], '# contigs': 45, 'Translation table': 11, '# markers': 145, 'Coding density': 0.9453059636398776, 'Mean contig length': 17477.022222222222, '# marker sets': 103, 'N50 (contigs)': 23473, '1': 126, '0': 13, '3': 0, '2': 6, 'Longest scaffold': 52210, '4': 0, '5+': 0, 'Contamination': 2.912621359223301, '# predicted genes': 921, 'N50 (scaffolds)': 23473, '# ambiguous bases': 0, 'Mean scaffold length': 17477.022222222222}
D197_2_renamed	{'GC std': 0.01877938976909756, '# genomes': 207, 'Genome size': 1090918, 'Longest contig': 15781, 'GCN0': ['PF00298', 'PF01287', 'PF13685', 'TIGR02389', 'PF00411', 'PF01351', 'TIGR00392', 'PF00181', 'PF01780', 'PF01191', 'PF01798', 'PF04010', 'PF04563', 'PF03764', 'PF03719', 'PF04561', 'PF04019', 'PF04997', 'TIGR00344', 'PF04567', 'PF04565', 'PF00347', 'PF09249', 'PF00750', 'PF01269', 'PF00861', 'TIGR00329', 'PF07541', 'PF03439', 'TIGR03685', 'TIGR03683', 'TIGR01018', 'TIGR02338', 'PF06418', 'PF01280', 'PF01655', 'PF01192', 'PF00673', 'PF00327', 'PF01194', 'PF00623', 'TIGR00442', 'PF04983', 'PF00679', 'PF00562', 'PF00281', 'PF00416', 'PF05000', 'PF04566', 'PF00333', 'PF00410', 'TIGR01046', 'PF04560', 'PF05746', 'PF00958'], 'GCN1': ['PF00832', 'TIGR00549', 'PF02005', 'TIGR00408', 'TIGR02153', 'PF00189', 'PF00203', 'PF01015', 'PF00312', 'TIGR00419', 'PF00366', 'PF00177', 'PF01982', 'PF01193', 'TIGR00389', 'PF03947', 'TIGR01080', 'PF01984', 'TIGR03724', 'PF08069', 'PF01246', 'PF01198', 'PF01667', 'PF13656', 'PF00276', 'TIGR00289', 'PF00318', 'PF06026', 'PF00380', 'PF01866', 'PF01849', 'PF01090', 'PF00252', 'PF01201', 'PF01092', 'PF00900', 'PF04919', 'PF11987', 'TIGR01213', 'PF00164', 'TIGR00336', 'TIGR02076', 'PF01000', 'PF00572', 'PF00238', 'PF09173', 'PF03874', 'PF00466', 'PF00833', 'PF00398', 'TIGR03679', 'PF00749', 'PF01912', 'TIGR03677', 'PF00867', 'TIGR00134', 'PF08068', 'TIGR03665', 'PF03950', 'PF00831', 'PF00297', 'TIGR00468', 'PF01868', 'TIGR00064', 'PF01981', 'PF00827', 'TIGR00670', 'PF00687', 'PF00935', 'PF00736', 'PF03484', 'TIGR00057', 'PF00752', 'TIGR00522', 'PF01922', 'TIGR00425', 'TIGR00422', 'PF01200', 'PF09377', 'PF04127', 'PF01172', 'PF08071', 'PF00237', 'PF03876', 'TIGR00432', 'PF01157', 'PF01725', 'PF02978', 'PF00573'], 'GCN2': ['PF05221'], 'marker lineage': 'k__Archaea', 'GC': 0.3131261928027588, 'GCN4': [], '# scaffolds': 278, 'Completeness': 68.12297734627832, 'GCN3': [], 'GCN5+': [], '# contigs': 278, 'Translation table': 11, '# markers': 145, 'Coding density': 0.8870685056072042, 'Mean contig length': 3924.165467625899, '# marker sets': 103, 'N50 (contigs)': 4194, '1': 89, '0': 55, '3': 0, '2': 1, 'Longest scaffold': 15781, '4': 0, '5+': 0, 'Contamination': 0.970873786407767, '# predicted genes': 1535, 'N50 (scaffolds)': 4194, '# ambiguous bases': 0, 'Mean scaffold length': 3924.165467625899}
Thaumarchaeota_YP1_bin3_renamed	{'GC std': 0.04611439199029747, '# genomes': 207, 'Genome size': 1528440, 'Longest contig': 534706, 'GCN0': ['TIGR00408', 'TIGR00392', 'PF00181', 'TIGR00389', 'PF01192', 'PF00935', 'PF04127', 'TIGR00432', 'PF01725'], 'GCN1': ['PF00298', 'PF00832', 'PF01287', 'TIGR00549', 'PF02005', 'PF13685', 'TIGR02389', 'PF00411', 'TIGR02153', 'PF00189', 'PF00203', 'PF01351', 'PF01015', 'PF00312', 'TIGR00419', 'PF00366', 'PF01780', 'PF01191', 'PF00177', 'PF01982', 'PF01193', 'PF01798', 'PF03947', 'PF04010', 'TIGR01080', 'PF04563', 'PF01984', 'TIGR03724', 'PF08069', 'PF01246', 'PF03764', 'PF03719', 'PF01198', 'PF01667', 'PF13656', 'PF00276', 'PF04561', 'TIGR00289', 'PF00318', 'PF04019', 'PF04997', 'PF06026', 'PF00380', 'PF01866', 'TIGR00344', 'PF01849', 'PF01090', 'PF00252', 'PF01201', 'PF01092', 'PF04567', 'PF04565', 'PF00900', 'PF04919', 'PF11987', 'PF00347', 'TIGR01213', 'PF00164', 'PF09249', 'TIGR02076', 'PF01000', 'PF00572', 'PF00750', 'PF00238', 'PF01269', 'PF00861', 'PF09173', 'PF03874', 'PF00466', 'PF00833', 'TIGR00329', 'PF00398', 'TIGR03679', 'PF00749', 'PF01912', 'TIGR03677', 'PF07541', 'PF00867', 'TIGR00134', 'PF03439', 'TIGR03685', 'TIGR03683', 'PF05221', 'TIGR01018', 'PF08068', 'TIGR03665', 'PF03950', 'TIGR02338', 'PF00831', 'PF06418', 'PF00297', 'TIGR00468', 'PF01868', 'PF01280', 'TIGR00064', 'PF01655', 'PF01981', 'PF00827', 'TIGR00670', 'PF00673', 'PF00327', 'PF01194', 'PF00687', 'PF00736', 'PF00623', 'TIGR00442', 'PF03484', 'PF04983', 'PF00679', 'PF00562', 'PF00281', 'PF00416', 'PF05000', 'PF04566', 'TIGR00057', 'PF00752', 'PF00333', 'PF00410', 'TIGR01046', 'TIGR00522', 'PF01922', 'TIGR00425', 'TIGR00422', 'PF01200', 'PF04560', 'PF09377', 'PF01172', 'PF08071', 'PF05746', 'PF00237', 'PF00958', 'PF03876', 'PF01157', 'PF02978', 'PF00573'], 'GCN2': ['TIGR00336'], 'marker lineage': 'k__Archaea', 'GC': 0.598983931328675, 'GCN4': [], '# scaffolds': 7, 'Completeness': 92.23300970873787, 'GCN3': [], 'GCN5+': [], '# contigs': 7, 'Translation table': 11, '# markers': 145, 'Coding density': 0.8729776765852765, 'Mean contig length': 218348.57142857142, '# marker sets': 103, 'N50 (contigs)': 421574, '1': 135, '0': 9, '3': 0, '2': 1, 'Longest scaffold': 534706, '4': 0, '5+': 0, 'Contamination': 0.970873786407767, '# predicted genes': 1711, 'N50 (scaffolds)': 421574, '# ambiguous bases': 0, 'Mean scaffold length': 218348.57142857142}
D197_116_renamed	{'GC std': 0.04360661417561308, '# genomes': 207, 'Genome size': 1749942, 'Longest contig': 383958, 'GCN0': ['PF00181', 'TIGR02076'], 'GCN1': ['PF00298', 'PF00832', 'PF01287', 'TIGR00549', 'PF02005', 'TIGR00408', 'PF13685', 'TIGR02389', 'PF00411', 'TIGR02153', 'PF00189', 'PF00203', 'PF01351', 'TIGR00392', 'PF01015', 'PF00312', 'TIGR00419', 'PF00366', 'PF01780', 'PF01191', 'PF00177', 'PF01982', 'PF01193', 'PF01798', 'TIGR00389', 'PF03947', 'PF04010', 'TIGR01080', 'PF04563', 'PF01984', 'PF08069', 'PF01246', 'PF03764', 'PF03719', 'PF01198', 'PF01667', 'PF13656', 'PF00276', 'PF04561', 'TIGR00289', 'PF00318', 'PF04019', 'PF04997', 'PF06026', 'PF00380', 'PF01866', 'TIGR00344', 'PF01849', 'PF01090', 'PF00252', 'PF01201', 'PF01092', 'PF04567', 'PF04565', 'PF00900', 'PF04919', 'PF11987', 'PF00347', 'TIGR01213', 'PF00164', 'TIGR00336', 'PF09249', 'PF01000', 'PF00572', 'PF00750', 'PF00238', 'PF01269', 'PF00861', 'PF09173', 'PF03874', 'PF00466', 'PF00833', 'TIGR00329', 'PF00398', 'TIGR03679', 'PF00749', 'PF01912', 'TIGR03677', 'PF07541', 'PF00867', 'TIGR00134', 'PF03439', 'TIGR03685', 'TIGR03683', 'PF05221', 'TIGR01018', 'PF08068', 'TIGR03665', 'PF03950', 'TIGR02338', 'PF00831', 'PF06418', 'PF00297', 'TIGR00468', 'PF01868', 'PF01280', 'TIGR00064', 'PF01655', 'PF01981', 'PF00827', 'TIGR00670', 'PF01192', 'PF00673', 'PF00327', 'PF01194', 'PF00687', 'PF00935', 'PF00736', 'PF00623', 'TIGR00442', 'PF03484', 'PF04983', 'PF00679', 'PF00562', 'PF00281', 'PF00416', 'PF05000', 'PF04566', 'TIGR00057', 'PF00752', 'PF00333', 'PF00410', 'TIGR01046', 'TIGR00522', 'PF01922', 'TIGR00425', 'TIGR00422', 'PF01200', 'PF04560', 'PF09377', 'PF04127', 'PF01172', 'PF08071', 'PF05746', 'PF00237', 'PF00958', 'PF03876', 'TIGR00432', 'PF01157', 'PF01725', 'PF02978', 'PF00573'], 'GCN2': ['TIGR03724'], 'marker lineage': 'k__Archaea', 'GC': 0.3994137990938973, 'GCN4': [], '# scaffolds': 36, 'Completeness': 98.54368932038835, 'GCN3': [], 'GCN5+': [], '# contigs': 39, 'Translation table': 11, '# markers': 145, 'Coding density': 0.8383226415504057, 'Mean contig length': 44869.53846153846, '# marker sets': 103, 'N50 (contigs)': 96825, '1': 142, '0': 2, '3': 0, '2': 1, 'Longest scaffold': 383958, '4': 0, '5+': 0, 'Contamination': 0.970873786407767, '# predicted genes': 1756, 'N50 (scaffolds)': 96825, '# ambiguous bases': 30, 'Mean scaffold length': 48609.5}
Deep-sea_sediment_DRR121219_Bin1_renamed	{'GC std': 0.015926090822667716, '# genomes': 207, 'Genome size': 929915, 'Longest contig': 14938, 'GCN0': ['PF00832', 'PF13685', 'TIGR02389', 'TIGR02153', 'TIGR00392', 'PF00181', 'TIGR00419', 'PF03764', 'PF13656', 'TIGR00289', 'PF04997', 'PF00380', 'PF01866', 'PF00900', 'PF00833', 'TIGR03679', 'PF01912', 'TIGR00134', 'TIGR03685', 'PF00623', 'PF04983', 'PF00679', 'TIGR00422', 'PF04560', 'PF01172', 'PF08071', 'TIGR00432'], 'GCN1': ['PF00298', 'PF01287', 'TIGR00549', 'TIGR00408', 'PF00411', 'PF00189', 'PF00203', 'PF01015', 'PF00312', 'PF00366', 'PF01780', 'PF01191', 'PF00177', 'PF01193', 'PF01798', 'TIGR00389', 'PF03947', 'PF04010', 'TIGR01080', 'PF04563', 'PF01984', 'TIGR03724', 'PF08069', 'PF01246', 'PF03719', 'PF01198', 'PF01667', 'PF00276', 'PF04561', 'PF00318', 'PF04019', 'PF06026', 'TIGR00344', 'PF01849', 'PF01090', 'PF00252', 'PF01201', 'PF01092', 'PF04567', 'PF04565', 'PF04919', 'PF11987', 'TIGR01213', 'PF00164', 'TIGR00336', 'PF09249', 'TIGR02076', 'PF01000', 'PF00572', 'PF00750', 'PF00238', 'PF01269', 'PF00861', 'PF09173', 'PF03874', 'PF00466', 'TIGR00329', 'PF00398', 'PF00749', 'TIGR03677', 'PF07541', 'PF00867', 'PF03439', 'TIGR03683', 'TIGR01018', 'PF08068', 'TIGR03665', 'PF03950', 'TIGR02338', 'PF00831', 'PF06418', 'PF00297', 'TIGR00468', 'PF01868', 'PF01280', 'TIGR00064', 'PF01655', 'PF01981', 'PF00827', 'TIGR00670', 'PF01192', 'PF00673', 'PF00327', 'PF01194', 'PF00687', 'PF00935', 'PF00736', 'TIGR00442', 'PF03484', 'PF00562', 'PF00281', 'PF00416', 'PF05000', 'PF04566', 'TIGR00057', 'PF00752', 'PF00333', 'PF00410', 'TIGR01046', 'TIGR00522', 'PF01922', 'TIGR00425', 'PF01200', 'PF09377', 'PF04127', 'PF05746', 'PF00237', 'PF00958', 'PF03876', 'PF01157', 'PF01725', 'PF02978', 'PF00573'], 'GCN2': ['PF02005', 'PF01351', 'PF01982', 'PF00347', 'PF05221'], 'marker lineage': 'k__Archaea', 'GC': 0.46314985778270057, 'GCN4': [], '# scaffolds': 481, 'Completeness': 83.60716952949961, 'GCN3': [], 'GCN5+': [], '# contigs': 481, 'Translation table': 11, '# markers': 145, 'Coding density': 0.9001371093056892, 'Mean contig length': 1933.2952182952183, '# marker sets': 103, 'N50 (contigs)': 2620, '1': 113, '0': 27, '3': 0, '2': 5, 'Longest scaffold': 14938, '4': 0, '5+': 0, 'Contamination': 4.854368932038835, '# predicted genes': 1366, 'N50 (scaffolds)': 2620, '# ambiguous bases': 0, 'Mean scaffold length': 1933.2952182952183}
Thaumarchaeota_archaeon_strain_BS4_renamed	{'GC std': 0.033480738718314626, '# genomes': 207, 'Genome size': 1090355, 'Longest contig': 4377, 'GCN0': ['PF00298', 'PF00832', 'TIGR00408', 'TIGR02389', 'PF01191', 'PF00177', 'PF01982', 'TIGR00389', 'PF04563', 'PF04561', 'PF04019', 'PF04997', 'PF04567', 'PF04565', 'PF00164', 'PF09249', 'PF00466', 'PF00833', 'PF00749', 'PF03439', 'TIGR03685', 'PF05221', 'PF03950', 'PF00687', 'PF00623', 'PF04983', 'PF00562', 'PF05000', 'PF04566', 'PF00752', 'PF04560'], 'GCN1': ['PF01287', 'TIGR00549', 'PF02005', 'PF13685', 'PF00411', 'TIGR02153', 'PF00189', 'PF00203', 'PF01351', 'TIGR00392', 'PF01015', 'PF00181', 'PF00312', 'PF00366', 'PF01780', 'PF01193', 'PF01798', 'PF03947', 'PF04010', 'TIGR01080', 'PF01984', 'TIGR03724', 'PF08069', 'PF01246', 'PF03764', 'PF03719', 'PF01198', 'PF01667', 'PF13656', 'PF00276', 'TIGR00289', 'PF00318', 'PF06026', 'PF00380', 'PF01866', 'TIGR00344', 'PF01849', 'PF01090', 'PF00252', 'PF01201', 'PF01092', 'PF00900', 'PF04919', 'PF11987', 'PF00347', 'TIGR01213', 'TIGR00336', 'TIGR02076', 'PF01000', 'PF00572', 'PF00750', 'PF00238', 'PF00861', 'PF09173', 'PF03874', 'TIGR00329', 'PF00398', 'TIGR03679', 'PF01912', 'TIGR03677', 'PF07541', 'PF00867', 'TIGR00134', 'TIGR03683', 'TIGR01018', 'PF08068', 'TIGR03665', 'TIGR02338', 'PF00831', 'PF06418', 'PF00297', 'TIGR00468', 'PF01868', 'PF01280', 'TIGR00064', 'PF01655', 'PF01981', 'PF00827', 'TIGR00670', 'PF01192', 'PF00673', 'PF00327', 'PF01194', 'PF00935', 'PF00736', 'TIGR00442', 'PF03484', 'PF00679', 'PF00281', 'PF00416', 'TIGR00057', 'PF00333', 'PF00410', 'TIGR01046', 'TIGR00522', 'PF01922', 'TIGR00425', 'TIGR00422', 'PF01200', 'PF09377', 'PF04127', 'PF01172', 'PF08071', 'PF05746', 'PF00237', 'PF00958', 'PF03876', 'TIGR00432', 'PF01157', 'PF01725', 'PF02978', 'PF00573'], 'GCN2': ['TIGR00419', 'PF01269'], 'marker lineage': 'k__Archaea', 'GC': 0.4253697190364606, 'GCN4': [], '# scaffolds': 1437, 'Completeness': 83.98058252427184, 'GCN3': [], 'GCN5+': [], '# contigs': 1437, 'Translation table': 11, '# markers': 145, 'Coding density': 0.9920007703912945, 'Mean contig length': 758.7717466945024, '# marker sets': 103, 'N50 (contigs)': 1032, '1': 112, '0': 31, '3': 0, '2': 2, 'Longest scaffold': 4377, '4': 0, '5+': 0, 'Contamination': 1.941747572815534, '# predicted genes': 1409, 'N50 (scaffolds)': 1032, '# ambiguous bases': 0, 'Mean scaffold length': 758.7717466945024}
HMT_NADW_renamed	{'GC std': 0.010973354936548257, '# genomes': 207, 'Genome size': 670792, 'Longest contig': 58703, 'GCN0': ['PF00832', 'PF00411', 'TIGR02153', 'TIGR00392', 'PF00366', 'TIGR01080', 'PF01984', 'PF01198', 'PF01667', 'PF04561', 'PF01849', 'PF00900', 'PF00347', 'TIGR00336', 'PF00750', 'PF00238', 'PF00833', 'PF07541', 'TIGR00134', 'PF00831', 'TIGR00468', 'PF01868', 'PF00673', 'PF00935', 'PF03484', 'PF00281', 'PF00410', 'TIGR00422', 'PF04127', 'PF08071', 'PF05746', 'PF00958'], 'GCN1': ['PF00298', 'PF01287', 'TIGR00549', 'PF02005', 'TIGR00408', 'PF13685', 'TIGR02389', 'PF00189', 'PF00203', 'PF01351', 'PF01015', 'PF00181', 'PF00312', 'TIGR00419', 'PF01780', 'PF01191', 'PF00177', 'PF01982', 'PF01193', 'PF01798', 'TIGR00389', 'PF03947', 'PF04010', 'PF04563', 'TIGR03724', 'PF08069', 'PF01246', 'PF03764', 'PF03719', 'PF13656', 'PF00276', 'TIGR00289', 'PF00318', 'PF04019', 'PF04997', 'PF06026', 'PF00380', 'PF01866', 'TIGR00344', 'PF01090', 'PF00252', 'PF01201', 'PF01092', 'PF04567', 'PF04565', 'PF04919', 'PF11987', 'TIGR01213', 'PF00164', 'PF09249', 'TIGR02076', 'PF01000', 'PF00572', 'PF01269', 'PF00861', 'PF09173', 'PF03874', 'PF00466', 'TIGR00329', 'PF00398', 'TIGR03679', 'PF00749', 'PF01912', 'TIGR03677', 'PF00867', 'PF03439', 'TIGR03685', 'TIGR03683', 'PF05221', 'TIGR01018', 'PF08068', 'TIGR03665', 'PF03950', 'TIGR02338', 'PF06418', 'PF00297', 'PF01280', 'TIGR00064', 'PF01655', 'PF01981', 'PF00827', 'TIGR00670', 'PF01192', 'PF00327', 'PF01194', 'PF00687', 'PF00736', 'PF00623', 'TIGR00442', 'PF04983', 'PF00679', 'PF00562', 'PF00416', 'PF05000', 'PF04566', 'TIGR00057', 'PF00752', 'PF00333', 'TIGR01046', 'TIGR00522', 'PF01922', 'TIGR00425', 'PF01200', 'PF04560', 'PF09377', 'PF01172', 'PF00237', 'PF03876', 'TIGR00432', 'PF01157', 'PF01725', 'PF02978', 'PF00573'], 'GCN2': [], 'marker lineage': 'k__Archaea', 'GC': 0.32604443702369734, 'GCN4': [], '# scaffolds': 34, 'Completeness': 76.62434652725915, 'GCN3': [], 'GCN5+': [], '# contigs': 34, 'Translation table': 11, '# markers': 145, 'Coding density': 0.9477826211403834, 'Mean contig length': 19729.176470588234, '# marker sets': 103, 'N50 (contigs)': 24276, '1': 113, '0': 32, '3': 0, '2': 0, 'Longest scaffold': 58703, '4': 0, '5+': 0, 'Contamination': 0.0, '# predicted genes': 766, 'N50 (scaffolds)': 24276, '# ambiguous bases': 0, 'Mean scaffold length': 19729.176470588234}
HMT_ATL_renamed	{'GC std': 0.012951337843928313, '# genomes': 207, 'Genome size': 837806, 'Longest contig': 112189, 'GCN0': ['PF01667', 'PF07541', 'PF00935'], 'GCN1': ['PF00298', 'PF00832', 'PF01287', 'TIGR00549', 'PF02005', 'TIGR00408', 'PF13685', 'TIGR02389', 'PF00411', 'TIGR02153', 'PF00189', 'PF00203', 'PF01351', 'TIGR00392', 'PF01015', 'PF00181', 'PF00312', 'PF00366', 'PF01780', 'PF01191', 'PF00177', 'PF01982', 'PF01193', 'PF01798', 'TIGR00389', 'PF03947', 'PF04010', 'TIGR01080', 'PF04563', 'PF01984', 'TIGR03724', 'PF08069', 'PF01246', 'PF03764', 'PF03719', 'PF01198', 'PF13656', 'PF00276', 'PF04561', 'TIGR00289', 'PF00318', 'PF04019', 'PF04997', 'PF06026', 'PF00380', 'PF01866', 'TIGR00344', 'PF01849', 'PF01090', 'PF00252', 'PF01201', 'PF01092', 'PF04567', 'PF04565', 'PF00900', 'PF04919', 'PF11987', 'PF00347', 'TIGR01213', 'PF00164', 'TIGR00336', 'PF09249', 'TIGR02076', 'PF01000', 'PF00572', 'PF00750', 'PF00238', 'PF01269', 'PF00861', 'PF09173', 'PF03874', 'PF00466', 'PF00833', 'TIGR00329', 'PF00398', 'TIGR03679', 'PF00749', 'PF01912', 'TIGR03677', 'PF00867', 'TIGR00134', 'PF03439', 'TIGR03685', 'TIGR03683', 'PF05221', 'TIGR01018', 'PF08068', 'TIGR03665', 'PF03950', 'TIGR02338', 'PF06418', 'PF00297', 'TIGR00468', 'PF01280', 'TIGR00064', 'PF01655', 'PF01981', 'PF00827', 'TIGR00670', 'PF01192', 'PF00673', 'PF00327', 'PF01194', 'PF00687', 'PF00736', 'PF00623', 'TIGR00442', 'PF03484', 'PF04983', 'PF00679', 'PF00562', 'PF00281', 'PF00416', 'PF05000', 'PF04566', 'TIGR00057', 'PF00752', 'PF00333', 'PF00410', 'TIGR01046', 'TIGR00522', 'PF01922', 'TIGR00425', 'TIGR00422', 'PF01200', 'PF04560', 'PF09377', 'PF04127', 'PF01172', 'PF08071', 'PF05746', 'PF00237', 'PF00958', 'PF03876', 'TIGR00432', 'PF01157', 'PF01725', 'PF02978', 'PF00573'], 'GCN2': ['TIGR00419', 'PF00831', 'PF01868'], 'marker lineage': 'k__Archaea', 'GC': 0.32589385585135083, 'GCN4': [], '# scaffolds': 18, 'Completeness': 98.05825242718447, 'GCN3': [], 'GCN5+': [], '# contigs': 18, 'Translation table': 11, '# markers': 145, 'Coding density': 0.9434916913939504, 'Mean contig length': 46544.77777777778, '# marker sets': 103, 'N50 (contigs)': 67473, '1': 139, '0': 3, '3': 0, '2': 3, 'Longest scaffold': 112189, '4': 0, '5+': 0, 'Contamination': 1.4563106796116505, '# predicted genes': 951, 'N50 (scaffolds)': 67473, '# ambiguous bases': 1905, 'Mean scaffold length': 46544.77777777778}
HMT_NADW_S23_34_renamed	{'GC std': 0.01832417394108425, '# genomes': 207, 'Genome size': 810698, 'Longest contig': 65103, 'GCN0': ['PF00366', 'TIGR01080', 'PF01667', 'PF00900', 'PF00347', 'PF00238', 'PF07541', 'PF00831', 'PF01868', 'PF00673', 'PF00935', 'PF00281', 'PF00410', 'TIGR00422', 'PF08071'], 'GCN1': ['PF00298', 'PF00832', 'PF01287', 'TIGR00549', 'PF02005', 'TIGR00408', 'PF13685', 'TIGR02389', 'PF00411', 'TIGR02153', 'PF00189', 'PF00203', 'PF01351', 'TIGR00392', 'PF01015', 'PF00181', 'PF00312', 'TIGR00419', 'PF01780', 'PF01191', 'PF00177', 'PF01982', 'PF01193', 'PF01798', 'TIGR00389', 'PF03947', 'PF04010', 'PF04563', 'PF01984', 'TIGR03724', 'PF08069', 'PF01246', 'PF03764', 'PF03719', 'PF01198', 'PF13656', 'PF00276', 'PF04561', 'TIGR00289', 'PF00318', 'PF04019', 'PF04997', 'PF06026', 'PF00380', 'PF01866', 'TIGR00344', 'PF01849', 'PF01090', 'PF00252', 'PF01201', 'PF01092', 'PF04567', 'PF04565', 'PF04919', 'PF11987', 'TIGR01213', 'PF00164', 'TIGR00336', 'PF09249', 'TIGR02076', 'PF01000', 'PF00572', 'PF00750', 'PF01269', 'PF00861', 'PF09173', 'PF03874', 'PF00466', 'PF00833', 'TIGR00329', 'PF00398', 'TIGR03679', 'PF00749', 'PF01912', 'TIGR03677', 'PF00867', 'TIGR00134', 'PF03439', 'TIGR03685', 'TIGR03683', 'PF05221', 'TIGR01018', 'PF08068', 'TIGR03665', 'PF03950', 'TIGR02338', 'PF06418', 'PF00297', 'TIGR00468', 'PF01280', 'TIGR00064', 'PF01655', 'PF01981', 'PF00827', 'TIGR00670', 'PF01192', 'PF00327', 'PF01194', 'PF00687', 'PF00736', 'PF00623', 'TIGR00442', 'PF03484', 'PF04983', 'PF00679', 'PF00562', 'PF00416', 'PF05000', 'PF04566', 'TIGR00057', 'PF00752', 'PF00333', 'TIGR01046', 'TIGR00522', 'PF01922', 'TIGR00425', 'PF01200', 'PF04560', 'PF09377', 'PF04127', 'PF01172', 'PF05746', 'PF00237', 'PF00958', 'PF03876', 'TIGR00432', 'PF01157', 'PF01725', 'PF02978', 'PF00573'], 'GCN2': [], 'marker lineage': 'k__Archaea', 'GC': 0.3265198631302902, 'GCN4': [], '# scaffolds': 45, 'Completeness': 90.77669902912622, 'GCN3': [], 'GCN5+': [], '# contigs': 45, 'Translation table': 11, '# markers': 145, 'Coding density': 0.9446859373034101, 'Mean contig length': 18015.51111111111, '# marker sets': 103, 'N50 (contigs)': 25065, '1': 130, '0': 15, '3': 0, '2': 0, 'Longest scaffold': 65103, '4': 0, '5+': 0, 'Contamination': 0.0, '# predicted genes': 939, 'N50 (scaffolds)': 25065, '# ambiguous bases': 0, 'Mean scaffold length': 18015.51111111111}
Thaumarchaeota_archaeon_UBA160_renamed	{'GC std': 0.02274841773928417, '# genomes': 207, 'Genome size': 854732, 'Longest contig': 30830, 'GCN0': ['PF00832', 'TIGR00549', 'TIGR02389', 'TIGR02153', 'PF01351', 'PF01191', 'PF00177', 'TIGR00389', 'PF04563', 'PF01246', 'PF04561', 'TIGR00289', 'PF00318', 'PF04997', 'TIGR00344', 'PF04567', 'PF04565', 'TIGR01213', 'PF00164', 'TIGR00336', 'PF09173', 'PF00466', 'TIGR03679', 'PF00749', 'TIGR03677', 'TIGR00134', 'PF03439', 'TIGR03665', 'PF03950', 'PF06418', 'TIGR00670', 'PF01192', 'PF01194', 'PF00687', 'PF00623', 'PF04983', 'PF00562', 'PF05000', 'PF04566', 'TIGR00057', 'TIGR00522', 'PF01200', 'PF04560', 'PF04127', 'PF08071', 'PF00958', 'TIGR00432', 'PF02978'], 'GCN1': ['PF00298', 'PF01287', 'PF02005', 'TIGR00408', 'PF13685', 'PF00411', 'PF00189', 'PF00203', 'TIGR00392', 'PF01015', 'PF00181', 'PF00312', 'TIGR00419', 'PF00366', 'PF01780', 'PF01982', 'PF01193', 'PF01798', 'PF03947', 'PF04010', 'TIGR01080', 'PF01984', 'PF08069', 'PF03764', 'PF03719', 'PF01198', 'PF01667', 'PF13656', 'PF00276', 'PF04019', 'PF06026', 'PF00380', 'PF01866', 'PF01849', 'PF01090', 'PF00252', 'PF01201', 'PF01092', 'PF00900', 'PF04919', 'PF11987', 'PF00347', 'PF09249', 'TIGR02076', 'PF01000', 'PF00572', 'PF00750', 'PF00238', 'PF01269', 'PF00861', 'PF03874', 'PF00833', 'TIGR00329', 'PF00398', 'PF01912', 'PF07541', 'PF00867', 'TIGR03685', 'TIGR03683', 'PF05221', 'TIGR01018', 'PF08068', 'TIGR02338', 'PF00831', 'PF00297', 'TIGR00468', 'PF01868', 'PF01280', 'TIGR00064', 'PF01655', 'PF01981', 'PF00827', 'PF00673', 'PF00327', 'PF00935', 'PF00736', 'TIGR00442', 'PF03484', 'PF00679', 'PF00281', 'PF00416', 'PF00752', 'PF00333', 'PF00410', 'TIGR01046', 'PF01922', 'TIGR00425', 'TIGR00422', 'PF09377', 'PF01172', 'PF05746', 'PF00237', 'PF03876', 'PF01157', 'PF01725', 'PF00573'], 'GCN2': ['TIGR03724'], 'marker lineage': 'k__Archaea', 'GC': 0.36715143215847285, 'GCN4': [], '# scaffolds': 72, 'Completeness': 69.7411003236246, 'GCN3': [], 'GCN5+': [], '# contigs': 117, 'Translation table': 11, '# markers': 145, 'Coding density': 0.8741933143956234, 'Mean contig length': 7277.581196581196, '# marker sets': 103, 'N50 (contigs)': 12438, '1': 96, '0': 48, '3': 0, '2': 1, 'Longest scaffold': 35553, '4': 0, '5+': 0, 'Contamination': 0.970873786407767, '# predicted genes': 922, 'N50 (scaffolds)': 14713, '# ambiguous bases': 3255, 'Mean scaffold length': 11871.277777777777}
Thaumarchaeota_ASW8_renamed	{'GC std': 0.025073299667901415, '# genomes': 207, 'Genome size': 996535, 'Longest contig': 43500, 'GCN0': ['PF01015', 'PF00177', 'PF00164'], 'GCN1': ['PF00298', 'PF00832', 'PF01287', 'TIGR00549', 'PF02005', 'TIGR00408', 'PF13685', 'TIGR02389', 'PF00411', 'TIGR02153', 'PF00189', 'PF00203', 'PF01351', 'TIGR00392', 'PF00181', 'PF00312', 'PF00366', 'PF01780', 'PF01191', 'PF01982', 'PF01798', 'TIGR00389', 'PF03947', 'PF04010', 'TIGR01080', 'PF04563', 'PF01984', 'TIGR03724', 'PF08069', 'PF01246', 'PF03764', 'PF03719', 'PF01198', 'PF01667', 'PF13656', 'PF00276', 'PF04561', 'TIGR00289', 'PF00318', 'PF04019', 'PF04997', 'PF06026', 'PF00380', 'PF01866', 'TIGR00344', 'PF01849', 'PF01090', 'PF00252', 'PF01201', 'PF01092', 'PF04567', 'PF04565', 'PF00900', 'PF04919', 'PF11987', 'PF00347', 'TIGR01213', 'TIGR00336', 'PF09249', 'TIGR02076', 'PF00572', 'PF00750', 'PF00238', 'PF01269', 'PF00861', 'PF09173', 'PF03874', 'PF00466', 'PF00833', 'TIGR00329', 'PF00398', 'TIGR03679', 'PF00749', 'PF01912', 'TIGR03677', 'PF07541', 'PF00867', 'TIGR00134', 'PF03439', 'TIGR03685', 'TIGR03683', 'TIGR01018', 'PF08068', 'TIGR03665', 'PF03950', 'TIGR02338', 'PF00831', 'PF06418', 'PF00297', 'TIGR00468', 'PF01868', 'PF01280', 'TIGR00064', 'PF01655', 'PF01981', 'PF00827', 'TIGR00670', 'PF01192', 'PF00673', 'PF00327', 'PF01194', 'PF00687', 'PF00935', 'PF00736', 'PF00623', 'TIGR00442', 'PF03484', 'PF04983', 'PF00679', 'PF00562', 'PF00281', 'PF00416', 'PF05000', 'PF04566', 'TIGR00057', 'PF00752', 'PF00333', 'PF00410', 'TIGR01046', 'TIGR00522', 'PF01922', 'TIGR00425', 'TIGR00422', 'PF01200', 'PF04560', 'PF09377', 'PF04127', 'PF01172', 'PF08071', 'PF05746', 'PF00237', 'PF00958', 'PF03876', 'TIGR00432', 'PF01157', 'PF01725', 'PF02978', 'PF00573'], 'GCN2': ['TIGR00419', 'PF01193', 'PF01000', 'PF05221'], 'marker lineage': 'k__Archaea', 'GC': 0.3401646705835721, 'GCN4': [], '# scaffolds': 91, 'Completeness': 97.0873786407767, 'GCN3': [], 'GCN5+': [], '# contigs': 91, 'Translation table': 11, '# markers': 145, 'Coding density': 0.9431720912963418, 'Mean contig length': 10950.934065934065, '# marker sets': 103, 'N50 (contigs)': 16957, '1': 138, '0': 3, '3': 0, '2': 4, 'Longest scaffold': 43500, '4': 0, '5+': 0, 'Contamination': 2.912621359223301, '# predicted genes': 1153, 'N50 (scaffolds)': 16957, '# ambiguous bases': 0, 'Mean scaffold length': 10950.934065934065}
Thaumarchaeota_archaeon_SP3992_renamed	{'GC std': 0.017106085164774906, '# genomes': 207, 'Genome size': 699700, 'Longest contig': 67416, 'GCN0': ['PF00411', 'PF01015', 'PF00177', 'PF03719', 'PF01667', 'PF13656', 'PF01866', 'PF00164', 'TIGR02076', 'PF00861', 'PF07541', 'PF05221', 'TIGR01018', 'PF08068', 'PF01280', 'PF01655', 'PF01981', 'PF00827', 'PF00327', 'PF00935', 'PF00736', 'TIGR00442', 'PF00416', 'PF00333', 'TIGR01046', 'TIGR00422'], 'GCN1': ['PF00832', 'PF01287', 'TIGR00549', 'PF02005', 'TIGR00408', 'PF13685', 'TIGR02389', 'TIGR02153', 'PF00189', 'PF00203', 'PF01351', 'TIGR00392', 'PF00181', 'PF00312', 'PF00366', 'PF01780', 'PF01191', 'PF01982', 'PF01193', 'PF01798', 'TIGR00389', 'PF03947', 'PF04010', 'TIGR01080', 'PF04563', 'PF01984', 'TIGR03724', 'PF08069', 'PF01246', 'PF03764', 'PF01198', 'PF00276', 'PF04561', 'TIGR00289', 'PF00318', 'PF04019', 'PF04997', 'PF06026', 'PF00380', 'TIGR00344', 'PF01849', 'PF01090', 'PF00252', 'PF01201', 'PF01092', 'PF04567', 'PF04565', 'PF00900', 'PF04919', 'PF11987', 'PF00347', 'TIGR01213', 'TIGR00336', 'PF09249', 'PF01000', 'PF00572', 'PF00750', 'PF00238', 'PF01269', 'PF09173', 'PF03874', 'PF00833', 'TIGR00329', 'PF00398', 'TIGR03679', 'PF00749', 'PF01912', 'TIGR03677', 'PF00867', 'TIGR00134', 'PF03439', 'TIGR03665', 'PF03950', 'TIGR02338', 'PF00831', 'PF06418', 'PF00297', 'TIGR00468', 'PF01868', 'TIGR00064', 'TIGR00670', 'PF01192', 'PF00673', 'PF01194', 'PF00623', 'PF03484', 'PF04983', 'PF00679', 'PF00562', 'PF00281', 'PF05000', 'PF04566', 'TIGR00057', 'PF00752', 'PF00410', 'TIGR00522', 'PF01922', 'TIGR00425', 'PF01200', 'PF04560', 'PF09377', 'PF04127', 'PF01172', 'PF08071', 'PF05746', 'PF00237', 'PF00958', 'PF03876', 'TIGR00432', 'PF01157', 'PF01725', 'PF02978', 'PF00573'], 'GCN2': ['PF00298', 'TIGR00419', 'PF00466', 'TIGR03685', 'TIGR03683', 'PF00687'], 'marker lineage': 'k__Archaea', 'GC': 0.32070647521291296, 'GCN4': [], '# scaffolds': 26, 'Completeness': 81.06796116504854, 'GCN3': [], 'GCN5+': [], '# contigs': 26, 'Translation table': 11, '# markers': 145, 'Coding density': 0.9487280262969844, 'Mean contig length': 26911.5, '# marker sets': 103, 'N50 (contigs)': 27393, '1': 113, '0': 26, '3': 0, '2': 6, 'Longest scaffold': 67416, '4': 0, '5+': 0, 'Contamination': 4.368932038834951, '# predicted genes': 788, 'N50 (scaffolds)': 27393, '# ambiguous bases': 1, 'Mean scaffold length': 26911.53846153846}
Thaumarchaeota_archaeon_UBA57_renamed	{'GC std': 0.019275860406443746, '# genomes': 207, 'Genome size': 613362, 'Longest contig': 50822, 'GCN0': ['PF02005', 'TIGR02389', 'TIGR02153', 'PF00189', 'TIGR00392', 'PF01015', 'PF00312', 'TIGR00419', 'PF01780', 'PF01191', 'PF00177', 'PF01982', 'TIGR00389', 'PF04010', 'PF04563', 'TIGR03724', 'PF08069', 'PF01198', 'PF04561', 'PF04997', 'PF01866', 'PF01849', 'PF01201', 'PF01092', 'PF04567', 'PF04565', 'PF00164', 'TIGR00336', 'PF09249', 'TIGR02076', 'PF00750', 'PF00833', 'TIGR00329', 'TIGR00134', 'TIGR01018', 'TIGR02338', 'PF06418', 'PF01981', 'PF00827', 'PF01192', 'PF00736', 'PF00623', 'PF04983', 'PF00562', 'PF05000', 'PF04566', 'TIGR00522', 'PF01922', 'TIGR00422', 'PF04560', 'PF09377', 'PF01172', 'PF05746', 'PF00958', 'PF01725'], 'GCN1': ['PF00298', 'PF00832', 'PF01287', 'TIGR00549', 'TIGR00408', 'PF13685', 'PF00411', 'PF00203', 'PF01351', 'PF00181', 'PF00366', 'PF01193', 'PF01798', 'PF03947', 'TIGR01080', 'PF01984', 'PF01246', 'PF03764', 'PF03719', 'PF01667', 'PF13656', 'PF00276', 'TIGR00289', 'PF00318', 'PF04019', 'PF06026', 'PF00380', 'TIGR00344', 'PF01090', 'PF00252', 'PF00900', 'PF04919', 'PF11987', 'PF00347', 'TIGR01213', 'PF01000', 'PF00572', 'PF00238', 'PF01269', 'PF00861', 'PF09173', 'PF03874', 'PF00466', 'PF00398', 'TIGR03679', 'PF00749', 'PF01912', 'TIGR03677', 'PF07541', 'PF00867', 'PF03439', 'TIGR03685', 'TIGR03683', 'PF05221', 'PF08068', 'TIGR03665', 'PF03950', 'PF00831', 'PF00297', 'TIGR00468', 'PF01868', 'PF01280', 'TIGR00064', 'PF01655', 'TIGR00670', 'PF00673', 'PF00327', 'PF01194', 'PF00687', 'PF00935', 'TIGR00442', 'PF03484', 'PF00679', 'PF00281', 'PF00416', 'TIGR00057', 'PF00752', 'PF00333', 'PF00410', 'TIGR01046', 'TIGR00425', 'PF01200', 'PF04127', 'PF08071', 'PF00237', 'PF03876', 'TIGR00432', 'PF01157', 'PF02978', 'PF00573'], 'GCN2': [], 'marker lineage': 'k__Archaea', 'GC': 0.33539316653090495, 'GCN4': [], '# scaffolds': 18, 'Completeness': 62.86407766990291, 'GCN3': [], 'GCN5+': [], '# contigs': 82, 'Translation table': 11, '# markers': 145, 'Coding density': 0.8914083363494967, 'Mean contig length': 7380.817073170731, '# marker sets': 103, 'N50 (contigs)': 22507, '1': 90, '0': 55, '3': 0, '2': 0, 'Longest scaffold': 120562, '4': 0, '5+': 0, 'Contamination': 0.0, '# predicted genes': 661, 'N50 (scaffolds)': 65894, '# ambiguous bases': 8135, 'Mean scaffold length': 34075.666666666664}
Deep-sea_sediment_DRR121209_Bin1_renamed	{'GC std': 0.016110016552600078, '# genomes': 207, 'Genome size': 830995, 'Longest contig': 13948, 'GCN0': ['PF00832', 'PF13685', 'TIGR00392', 'PF00181', 'TIGR00419', 'PF03764', 'PF01667', 'PF13656', 'TIGR00289', 'PF01866', 'PF00900', 'TIGR02076', 'PF00833', 'TIGR03679', 'PF01912', 'PF07541', 'TIGR00134', 'TIGR03685', 'PF01192', 'PF00673', 'PF00935', 'PF04983', 'PF00679', 'PF00281', 'PF00410', 'TIGR00422', 'PF04560', 'PF01172', 'TIGR00432'], 'GCN1': ['PF00298', 'PF01287', 'TIGR00549', 'TIGR00408', 'TIGR02389', 'PF00411', 'TIGR02153', 'PF00189', 'PF00203', 'PF01015', 'PF00312', 'PF00366', 'PF01780', 'PF01191', 'PF00177', 'PF01193', 'PF01798', 'TIGR00389', 'PF03947', 'PF04010', 'TIGR01080', 'PF04563', 'PF01984', 'TIGR03724', 'PF08069', 'PF01246', 'PF03719', 'PF01198', 'PF00276', 'PF04561', 'PF00318', 'PF04019', 'PF04997', 'PF06026', 'PF00380', 'TIGR00344', 'PF01849', 'PF01090', 'PF00252', 'PF01201', 'PF01092', 'PF04567', 'PF04565', 'PF04919', 'PF11987', 'TIGR01213', 'PF00164', 'TIGR00336', 'PF09249', 'PF01000', 'PF00572', 'PF00750', 'PF00238', 'PF01269', 'PF00861', 'PF09173', 'PF03874', 'PF00466', 'TIGR00329', 'PF00398', 'PF00749', 'TIGR03677', 'PF00867', 'PF03439', 'TIGR03683', 'TIGR01018', 'PF08068', 'TIGR03665', 'PF03950', 'TIGR02338', 'PF00831', 'PF06418', 'PF00297', 'TIGR00468', 'PF01868', 'PF01280', 'TIGR00064', 'PF01655', 'PF01981', 'PF00827', 'TIGR00670', 'PF00327', 'PF01194', 'PF00687', 'PF00736', 'PF00623', 'TIGR00442', 'PF03484', 'PF00562', 'PF00416', 'PF05000', 'PF04566', 'TIGR00057', 'PF00752', 'PF00333', 'TIGR01046', 'TIGR00522', 'PF01922', 'TIGR00425', 'PF01200', 'PF09377', 'PF04127', 'PF08071', 'PF05746', 'PF00237', 'PF00958', 'PF03876', 'PF01157', 'PF01725', 'PF02978', 'PF00573'], 'GCN2': ['PF02005', 'PF01351', 'PF01982', 'PF00347', 'PF05221'], 'marker lineage': 'k__Archaea', 'GC': 0.46481868121950193, 'GCN4': [], '# scaffolds': 585, 'Completeness': 79.62409758526263, 'GCN3': [], 'GCN5+': [], '# contigs': 585, 'Translation table': 11, '# markers': 145, 'Coding density': 0.9108899572199592, 'Mean contig length': 1420.5042735042734, '# marker sets': 103, 'N50 (contigs)': 2309, '1': 111, '0': 29, '3': 0, '2': 5, 'Longest scaffold': 13948, '4': 0, '5+': 0, 'Contamination': 4.854368932038835, '# predicted genes': 1322, 'N50 (scaffolds)': 2309, '# ambiguous bases': 0, 'Mean scaffold length': 1420.5042735042734}
HMT_AABW_renamed	{'GC std': 0.01461741251035579, '# genomes': 207, 'Genome size': 814820, 'Longest contig': 78759, 'GCN0': ['PF00366', 'PF01193', 'TIGR01080', 'PF01667', 'PF00380', 'PF00900', 'PF00347', 'PF01000', 'PF00572', 'PF00238', 'PF07541', 'TIGR01018', 'PF00831', 'PF01868', 'PF00673', 'PF01194', 'PF00935', 'PF00281', 'PF00416', 'PF00410', 'PF08071'], 'GCN1': ['PF00298', 'PF00832', 'PF01287', 'TIGR00549', 'PF02005', 'TIGR00408', 'PF13685', 'TIGR02389', 'PF00411', 'TIGR02153', 'PF00189', 'PF00203', 'PF01351', 'TIGR00392', 'PF01015', 'PF00181', 'PF00312', 'PF01780', 'PF01191', 'PF00177', 'PF01982', 'PF01798', 'TIGR00389', 'PF03947', 'PF04010', 'PF04563', 'PF01984', 'TIGR03724', 'PF08069', 'PF01246', 'PF03764', 'PF03719', 'PF01198', 'PF13656', 'PF00276', 'PF04561', 'TIGR00289', 'PF00318', 'PF04019', 'PF04997', 'PF06026', 'PF01866', 'TIGR00344', 'PF01849', 'PF01090', 'PF00252', 'PF01201', 'PF01092', 'PF04567', 'PF04565', 'PF04919', 'PF11987', 'TIGR01213', 'PF00164', 'TIGR00336', 'PF09249', 'TIGR02076', 'PF00750', 'PF01269', 'PF00861', 'PF09173', 'PF03874', 'PF00466', 'PF00833', 'TIGR00329', 'PF00398', 'TIGR03679', 'PF00749', 'PF01912', 'TIGR03677', 'PF00867', 'TIGR00134', 'PF03439', 'TIGR03685', 'TIGR03683', 'PF05221', 'PF08068', 'TIGR03665', 'PF03950', 'TIGR02338', 'PF06418', 'PF00297', 'TIGR00468', 'PF01280', 'TIGR00064', 'PF01655', 'PF01981', 'PF00827', 'TIGR00670', 'PF01192', 'PF00327', 'PF00687', 'PF00736', 'PF00623', 'TIGR00442', 'PF03484', 'PF04983', 'PF00679', 'PF00562', 'PF05000', 'PF04566', 'TIGR00057', 'PF00752', 'PF00333', 'TIGR01046', 'TIGR00522', 'PF01922', 'TIGR00425', 'TIGR00422', 'PF01200', 'PF04560', 'PF09377', 'PF04127', 'PF01172', 'PF05746', 'PF00237', 'PF00958', 'PF03876', 'TIGR00432', 'PF01157', 'PF01725', 'PF02978', 'PF00573'], 'GCN2': ['TIGR00419'], 'marker lineage': 'k__Archaea', 'GC': 0.32726737193490585, 'GCN4': [], '# scaffolds': 36, 'Completeness': 88.83495145631068, 'GCN3': [], 'GCN5+': [], '# contigs': 36, 'Translation table': 11, '# markers': 145, 'Coding density': 0.943697994649125, 'Mean contig length': 22633.88888888889, '# marker sets': 103, 'N50 (contigs)': 27500, '1': 123, '0': 21, '3': 0, '2': 1, 'Longest scaffold': 78759, '4': 0, '5+': 0, 'Contamination': 0.970873786407767, '# predicted genes': 913, 'N50 (scaffolds)': 27500, '# ambiguous bases': 0, 'Mean scaffold length': 22633.88888888889}
XS84_Bin2_renamed	{'GC std': 0.012279155188996332, '# genomes': 207, 'Genome size': 1140672, 'Longest contig': 21748, 'GCN0': ['PF00832', 'TIGR00408', 'PF13685', 'TIGR00392', 'PF00181', 'PF03764', 'PF13656', 'PF01866', 'PF00833', 'TIGR03679', 'PF01912', 'TIGR03685', 'PF00679', 'PF04560', 'PF01172'], 'GCN1': ['PF00298', 'PF01287', 'TIGR00549', 'PF02005', 'TIGR02389', 'PF00411', 'TIGR02153', 'PF00189', 'PF00203', 'PF01015', 'PF00312', 'TIGR00419', 'PF00366', 'PF01780', 'PF01191', 'PF00177', 'PF01982', 'PF01193', 'PF01798', 'TIGR00389', 'PF03947', 'PF04010', 'TIGR01080', 'PF04563', 'PF01984', 'TIGR03724', 'PF08069', 'PF01246', 'PF03719', 'PF01198', 'PF01667', 'PF00276', 'PF04561', 'TIGR00289', 'PF00318', 'PF04019', 'PF04997', 'PF06026', 'PF00380', 'TIGR00344', 'PF01849', 'PF01090', 'PF00252', 'PF01201', 'PF01092', 'PF04567', 'PF04565', 'PF00900', 'PF04919', 'PF11987', 'PF00347', 'TIGR01213', 'PF00164', 'TIGR00336', 'PF09249', 'TIGR02076', 'PF01000', 'PF00572', 'PF00750', 'PF00238', 'PF01269', 'PF00861', 'PF09173', 'PF03874', 'PF00466', 'TIGR00329', 'PF00398', 'PF00749', 'TIGR03677', 'PF07541', 'PF00867', 'TIGR00134', 'PF03439', 'TIGR03683', 'PF05221', 'TIGR01018', 'PF08068', 'TIGR03665', 'PF03950', 'TIGR02338', 'PF00831', 'PF06418', 'PF00297', 'TIGR00468', 'PF01868', 'PF01280', 'TIGR00064', 'PF01655', 'PF01981', 'PF00827', 'TIGR00670', 'PF01192', 'PF00673', 'PF00327', 'PF01194', 'PF00687', 'PF00935', 'PF00736', 'PF00623', 'TIGR00442', 'PF03484', 'PF04983', 'PF00562', 'PF00281', 'PF00416', 'PF05000', 'PF04566', 'TIGR00057', 'PF00752', 'PF00333', 'PF00410', 'TIGR01046', 'TIGR00522', 'PF01922', 'TIGR00425', 'TIGR00422', 'PF01200', 'PF09377', 'PF04127', 'PF08071', 'PF05746', 'PF00237', 'PF00958', 'PF03876', 'TIGR00432', 'PF01157', 'PF01725', 'PF02978', 'PF00573'], 'GCN2': ['PF01351'], 'marker lineage': 'k__Archaea', 'GC': 0.46601827694551984, 'GCN4': [], '# scaffolds': 199, 'Completeness': 89.2457057505601, 'GCN3': [], 'GCN5+': [], '# contigs': 199, 'Translation table': 11, '# markers': 145, 'Coding density': 0.8980127503787241, 'Mean contig length': 5732.020100502513, '# marker sets': 103, 'N50 (contigs)': 6617, '1': 129, '0': 15, '3': 0, '2': 1, 'Longest scaffold': 21748, '4': 0, '5+': 0, 'Contamination': 0.970873786407767, '# predicted genes': 1405, 'N50 (scaffolds)': 6617, '# ambiguous bases': 0, 'Mean scaffold length': 5732.020100502513}
Thaumarchaeota_archaeon_EAC691_renamed	{'GC std': 0.025828574292776747, '# genomes': 207, 'Genome size': 921724, 'Longest contig': 70658, 'GCN0': ['PF00298', 'TIGR00408', 'TIGR00392', 'PF00181', 'PF00366', 'TIGR00389', 'TIGR01080', 'PF03719', 'PF04019', 'TIGR00344', 'PF00900', 'PF00347', 'TIGR00336', 'PF00238', 'PF00861', 'PF09173', 'PF00466', 'PF00833', 'PF03439', 'TIGR03685', 'TIGR03683', 'PF08068', 'PF00831', 'PF01868', 'PF01280', 'PF01655', 'PF01981', 'PF00827', 'PF00673', 'PF00327', 'PF00687', 'PF00736', 'PF00281', 'TIGR00057', 'PF00333', 'PF00410', 'TIGR00425', 'PF08071', 'PF05746', 'PF03876'], 'GCN1': ['PF00832', 'PF01287', 'TIGR00549', 'PF02005', 'TIGR02389', 'PF00411', 'TIGR02153', 'PF00189', 'PF00203', 'PF01351', 'PF01015', 'PF00312', 'TIGR00419', 'PF01780', 'PF01191', 'PF00177', 'PF01982', 'PF01193', 'PF01798', 'PF03947', 'PF04010', 'PF04563', 'PF01984', 'TIGR03724', 'PF08069', 'PF01246', 'PF03764', 'PF01198', 'PF13656', 'PF00276', 'PF04561', 'TIGR00289', 'PF00318', 'PF04997', 'PF06026', 'PF00380', 'PF01866', 'PF01849', 'PF00252', 'PF01201', 'PF01092', 'PF04567', 'PF04565', 'PF04919', 'PF11987', 'TIGR01213', 'PF00164', 'PF09249', 'TIGR02076', 'PF01000', 'PF00572', 'PF00750', 'PF01269', 'PF03874', 'TIGR00329', 'PF00398', 'TIGR03679', 'PF00749', 'TIGR03677', 'PF07541', 'PF00867', 'TIGR00134', 'PF05221', 'TIGR01018', 'TIGR03665', 'PF03950', 'TIGR02338', 'PF06418', 'PF00297', 'TIGR00468', 'TIGR00670', 'PF01192', 'PF01194', 'PF00623', 'TIGR00442', 'PF03484', 'PF04983', 'PF00679', 'PF00562', 'PF00416', 'PF05000', 'PF04566', 'PF00752', 'TIGR01046', 'TIGR00522', 'PF01922', 'TIGR00422', 'PF01200', 'PF04560', 'PF09377', 'PF04127', 'PF01172', 'PF00237', 'PF00958', 'TIGR00432', 'PF01157', 'PF01725', 'PF02978', 'PF00573'], 'GCN2': ['PF13685', 'PF01667', 'PF01090', 'PF01912', 'TIGR00064', 'PF00935'], 'marker lineage': 'k__Archaea', 'GC': 0.3196731312682341, 'GCN4': [], '# scaffolds': 49, 'Completeness': 73.30097087378641, 'GCN3': [], 'GCN5+': [], '# contigs': 49, 'Translation table': 11, '# markers': 145, 'Coding density': 0.9426596247900673, 'Mean contig length': 18733.102040816328, '# marker sets': 103, 'N50 (contigs)': 22937, '1': 99, '0': 40, '3': 0, '2': 6, 'Longest scaffold': 70855, '4': 0, '5+': 0, 'Contamination': 4.368932038834951, '# predicted genes': 1020, 'N50 (scaffolds)': 23040, '# ambiguous bases': 3802, 'Mean scaffold length': 18810.69387755102}
Thaumarchaeota_archaeon_UBA141_renamed	{'GC std': 0.010944512956185802, '# genomes': 207, 'Genome size': 1688885, 'Longest contig': 116690, 'GCN0': ['PF00298', 'PF00832', 'PF00181', 'PF01780', 'PF01246', 'PF01667', 'PF00398', 'PF01194', 'PF01200', 'TIGR00432'], 'GCN1': ['PF01287', 'TIGR00549', 'PF02005', 'TIGR00408', 'PF13685', 'TIGR02389', 'PF00411', 'TIGR02153', 'PF00189', 'PF00203', 'PF01351', 'TIGR00392', 'PF01015', 'PF00312', 'TIGR00419', 'PF00366', 'PF01191', 'PF00177', 'PF01982', 'PF01193', 'PF01798', 'TIGR00389', 'PF03947', 'PF04010', 'TIGR01080', 'PF04563', 'PF01984', 'TIGR03724', 'PF08069', 'PF03764', 'PF03719', 'PF01198', 'PF13656', 'PF00276', 'PF04561', 'TIGR00289', 'PF00318', 'PF04019', 'PF04997', 'PF06026', 'PF00380', 'PF01866', 'TIGR00344', 'PF01849', 'PF01090', 'PF00252', 'PF01201', 'PF01092', 'PF04567', 'PF04565', 'PF00900', 'PF04919', 'PF11987', 'PF00347', 'TIGR01213', 'PF00164', 'TIGR00336', 'PF09249', 'TIGR02076', 'PF01000', 'PF00572', 'PF00750', 'PF00238', 'PF01269', 'PF00861', 'PF09173', 'PF03874', 'PF00466', 'PF00833', 'TIGR00329', 'TIGR03679', 'PF00749', 'PF01912', 'TIGR03677', 'PF07541', 'PF00867', 'TIGR00134', 'PF03439', 'TIGR03685', 'TIGR03683', 'PF05221', 'TIGR01018', 'PF08068', 'TIGR03665', 'PF03950', 'TIGR02338', 'PF00831', 'PF06418', 'PF00297', 'TIGR00468', 'PF01868', 'PF01280', 'TIGR00064', 'PF01655', 'PF01981', 'PF00827', 'TIGR00670', 'PF01192', 'PF00673', 'PF00327', 'PF00687', 'PF00935', 'PF00736', 'PF00623', 'TIGR00442', 'PF03484', 'PF04983', 'PF00679', 'PF00562', 'PF00281', 'PF00416', 'PF05000', 'PF04566', 'TIGR00057', 'PF00752', 'PF00333', 'PF00410', 'TIGR01046', 'TIGR00522', 'PF01922', 'TIGR00425', 'TIGR00422', 'PF04560', 'PF09377', 'PF04127', 'PF01172', 'PF08071', 'PF05746', 'PF00237', 'PF00958', 'PF03876', 'PF01157', 'PF01725', 'PF02978', 'PF00573'], 'GCN2': [], 'marker lineage': 'k__Archaea', 'GC': 0.45962989482280103, 'GCN4': [], '# scaffolds': 97, 'Completeness': 91.90938511326863, 'GCN3': [], 'GCN5+': [], '# contigs': 123, 'Translation table': 11, '# markers': 145, 'Coding density': 0.8833804551523639, 'Mean contig length': 13659.487804878048, '# marker sets': 103, 'N50 (contigs)': 24094, '1': 135, '0': 10, '3': 0, '2': 0, 'Longest scaffold': 116690, '4': 0, '5+': 0, 'Contamination': 0.0, '# predicted genes': 1709, 'N50 (scaffolds)': 27059, '# ambiguous bases': 8768, 'Mean scaffold length': 17411.18556701031}
HMT_AAIW_renamed	{'GC std': 0.016378655434061876, '# genomes': 207, 'Genome size': 697485, 'Longest contig': 27960, 'GCN0': ['PF00832', 'PF13685', 'PF00189', 'PF00203', 'PF00181', 'PF03947', 'PF01984', 'PF01198', 'PF01667', 'PF00276', 'PF00750', 'PF00833', 'PF01912', 'PF07541', 'TIGR03683', 'PF05221', 'TIGR03665', 'PF00297', 'TIGR00468', 'TIGR00064', 'PF01981', 'PF00827', 'PF00935', 'PF00736', 'PF03484', 'TIGR01046', 'TIGR00422', 'PF04127', 'PF00237', 'PF00573'], 'GCN1': ['PF00298', 'PF01287', 'TIGR00549', 'PF02005', 'TIGR00408', 'TIGR02389', 'PF00411', 'TIGR02153', 'PF01351', 'TIGR00392', 'PF01015', 'PF00312', 'PF00366', 'PF01780', 'PF01191', 'PF00177', 'PF01982', 'PF01193', 'PF01798', 'TIGR00389', 'PF04010', 'TIGR01080', 'PF04563', 'TIGR03724', 'PF08069', 'PF01246', 'PF03764', 'PF03719', 'PF13656', 'PF04561', 'TIGR00289', 'PF00318', 'PF04019', 'PF04997', 'PF06026', 'PF00380', 'PF01866', 'TIGR00344', 'PF01849', 'PF01090', 'PF00252', 'PF01201', 'PF01092', 'PF04567', 'PF04565', 'PF00900', 'PF04919', 'PF11987', 'PF00347', 'TIGR01213', 'PF00164', 'TIGR00336', 'PF09249', 'TIGR02076', 'PF01000', 'PF00572', 'PF00238', 'PF01269', 'PF00861', 'PF09173', 'PF03874', 'PF00466', 'TIGR00329', 'PF00398', 'TIGR03679', 'PF00749', 'TIGR03677', 'PF00867', 'TIGR00134', 'PF03439', 'TIGR03685', 'TIGR01018', 'PF08068', 'PF03950', 'TIGR02338', 'PF00831', 'PF06418', 'PF01868', 'PF01280', 'PF01655', 'TIGR00670', 'PF01192', 'PF00673', 'PF00327', 'PF01194', 'PF00687', 'PF00623', 'TIGR00442', 'PF04983', 'PF00679', 'PF00562', 'PF00281', 'PF00416', 'PF05000', 'PF04566', 'TIGR00057', 'PF00752', 'PF00333', 'PF00410', 'TIGR00522', 'PF01922', 'TIGR00425', 'PF01200', 'PF04560', 'PF09377', 'PF01172', 'PF08071', 'PF05746', 'PF00958', 'PF03876', 'TIGR00432', 'PF01157', 'PF01725', 'PF02978'], 'GCN2': ['TIGR00419'], 'marker lineage': 'k__Archaea', 'GC': 0.32833250894284466, 'GCN4': [], '# scaffolds': 60, 'Completeness': 78.15533980582525, 'GCN3': [], 'GCN5+': [], '# contigs': 60, 'Translation table': 11, '# markers': 145, 'Coding density': 0.944684115070575, 'Mean contig length': 11624.75, '# marker sets': 103, 'N50 (contigs)': 14491, '1': 114, '0': 30, '3': 0, '2': 1, 'Longest scaffold': 27960, '4': 0, '5+': 0, 'Contamination': 0.970873786407767, '# predicted genes': 812, 'N50 (scaffolds)': 14491, '# ambiguous bases': 0, 'Mean scaffold length': 11624.75}
Thaumarchaeota_archaeon_SAT139_renamed	{'GC std': 0.015968121262211962, '# genomes': 207, 'Genome size': 919096, 'Longest contig': 151276, 'GCN0': ['TIGR00408', 'TIGR00392', 'PF00366', 'TIGR01080', 'PF01246', 'PF04019', 'PF00900', 'PF00347', 'PF00238', 'PF09173', 'PF00833', 'PF05221', 'TIGR03665', 'PF00831', 'PF01868', 'PF01981', 'PF00827', 'PF00673', 'TIGR00442', 'PF00281', 'PF00410', 'PF08071', 'PF03876', 'TIGR00432'], 'GCN1': ['PF00298', 'PF00832', 'PF01287', 'TIGR00549', 'PF02005', 'PF13685', 'TIGR02389', 'PF00411', 'TIGR02153', 'PF00189', 'PF00203', 'PF01015', 'PF00181', 'PF00312', 'TIGR00419', 'PF01780', 'PF01191', 'PF00177', 'PF01982', 'PF01193', 'PF01798', 'TIGR00389', 'PF03947', 'PF04010', 'PF04563', 'PF01984', 'TIGR03724', 'PF08069', 'PF03764', 'PF03719', 'PF01198', 'PF01667', 'PF13656', 'PF00276', 'PF04561', 'TIGR00289', 'PF00318', 'PF04997', 'PF06026', 'PF00380', 'PF01866', 'TIGR00344', 'PF01849', 'PF01090', 'PF00252', 'PF01201', 'PF01092', 'PF04567', 'PF04565', 'PF04919', 'PF11987', 'TIGR01213', 'PF00164', 'TIGR00336', 'PF09249', 'TIGR02076', 'PF01000', 'PF00572', 'PF00750', 'PF01269', 'PF00861', 'PF03874', 'PF00466', 'TIGR00329', 'PF00398', 'TIGR03679', 'PF00749', 'PF01912', 'TIGR03677', 'PF07541', 'PF00867', 'TIGR00134', 'PF03439', 'TIGR03685', 'TIGR03683', 'TIGR01018', 'PF08068', 'PF03950', 'TIGR02338', 'PF06418', 'PF00297', 'TIGR00468', 'PF01280', 'TIGR00064', 'PF01655', 'TIGR00670', 'PF01192', 'PF00327', 'PF01194', 'PF00687', 'PF00935', 'PF00736', 'PF00623', 'PF03484', 'PF04983', 'PF00679', 'PF00562', 'PF00416', 'PF05000', 'PF04566', 'PF00752', 'PF00333', 'TIGR01046', 'TIGR00522', 'PF01922', 'TIGR00425', 'TIGR00422', 'PF01200', 'PF04560', 'PF09377', 'PF04127', 'PF01172', 'PF05746', 'PF00237', 'PF00958', 'PF01157', 'PF01725', 'PF02978', 'PF00573'], 'GCN2': ['PF01351', 'TIGR00057'], 'marker lineage': 'k__Archaea', 'GC': 0.31055831626268865, 'GCN4': [], '# scaffolds': 21, 'Completeness': 81.06796116504854, 'GCN3': [], 'GCN5+': [], '# contigs': 21, 'Translation table': 11, '# markers': 145, 'Coding density': 0.9346281563623386, 'Mean contig length': 43725.857142857145, '# marker sets': 103, 'N50 (contigs)': 59884, '1': 119, '0': 24, '3': 0, '2': 2, 'Longest scaffold': 151362, '4': 0, '5+': 0, 'Contamination': 1.941747572815534, '# predicted genes': 1002, 'N50 (scaffolds)': 59942, '# ambiguous bases': 853, 'Mean scaffold length': 43766.47619047619}
Thaumarchaeota_archaeon_UBA164_renamed	{'GC std': 0.018202440190070425, '# genomes': 207, 'Genome size': 1187522, 'Longest contig': 288045, 'GCN0': ['PF00181', 'PF00312', 'TIGR00419', 'PF01780', 'PF08069', 'PF01246', 'TIGR00289', 'TIGR00344', 'TIGR01213', 'TIGR00336', 'TIGR03679', 'PF06418', 'TIGR00468', 'PF00827', 'TIGR00057', 'PF04127', 'PF08071', 'PF00958', 'TIGR00432', 'PF02978'], 'GCN1': ['PF00298', 'PF00832', 'PF01287', 'TIGR00549', 'PF02005', 'TIGR00408', 'PF13685', 'TIGR02389', 'PF00411', 'TIGR02153', 'PF00189', 'PF00203', 'PF01351', 'TIGR00392', 'PF01015', 'PF00366', 'PF01191', 'PF00177', 'PF01982', 'PF01193', 'PF01798', 'TIGR00389', 'PF03947', 'PF04010', 'TIGR01080', 'PF04563', 'PF01984', 'PF03764', 'PF03719', 'PF01198', 'PF01667', 'PF13656', 'PF00276', 'PF04561', 'PF00318', 'PF04019', 'PF04997', 'PF06026', 'PF00380', 'PF01866', 'PF01849', 'PF01090', 'PF00252', 'PF01201', 'PF01092', 'PF04567', 'PF04565', 'PF00900', 'PF04919', 'PF11987', 'PF00347', 'PF00164', 'PF09249', 'TIGR02076', 'PF01000', 'PF00572', 'PF00750', 'PF00238', 'PF01269', 'PF00861', 'PF09173', 'PF03874', 'PF00466', 'PF00833', 'TIGR00329', 'PF00398', 'PF00749', 'PF01912', 'TIGR03677', 'PF07541', 'PF00867', 'TIGR00134', 'PF03439', 'TIGR03685', 'TIGR03683', 'PF05221', 'TIGR01018', 'PF08068', 'TIGR03665', 'PF03950', 'TIGR02338', 'PF00831', 'PF00297', 'PF01868', 'PF01280', 'TIGR00064', 'PF01655', 'PF01981', 'TIGR00670', 'PF01192', 'PF00673', 'PF00327', 'PF01194', 'PF00687', 'PF00935', 'PF00736', 'PF00623', 'TIGR00442', 'PF03484', 'PF04983', 'PF00679', 'PF00562', 'PF00281', 'PF00416', 'PF05000', 'PF04566', 'PF00752', 'PF00333', 'PF00410', 'TIGR01046', 'TIGR00522', 'PF01922', 'TIGR00425', 'TIGR00422', 'PF01200', 'PF04560', 'PF09377', 'PF01172', 'PF05746', 'PF00237', 'PF03876', 'PF01157', 'PF01725', 'PF00573'], 'GCN2': ['TIGR03724'], 'marker lineage': 'k__Archaea', 'GC': 0.48999760845327556, 'GCN4': [], '# scaffolds': 10, 'Completeness': 84.14239482200647, 'GCN3': [], 'GCN5+': [], '# contigs': 10, 'Translation table': 11, '# markers': 145, 'Coding density': 0.9077061309179957, 'Mean contig length': 118751.6, '# marker sets': 103, 'N50 (contigs)': 257581, '1': 124, '0': 20, '3': 0, '2': 1, 'Longest scaffold': 288047, '4': 0, '5+': 0, 'Contamination': 0.970873786407767, '# predicted genes': 1290, 'N50 (scaffolds)': 257583, '# ambiguous bases': 6, 'Mean scaffold length': 118752.2}
Thaumarchaeota_archaeon_strain_BS3_renamed	{'GC std': 0.04148366411836295, '# genomes': 207, 'Genome size': 1485748, 'Longest contig': 3450, 'GCN0': ['PF00298', 'PF00832', 'TIGR00408', 'PF01191', 'PF01982', 'TIGR00389', 'PF04563', 'PF13656', 'PF04561', 'PF01866', 'TIGR00344', 'PF00252', 'PF04567', 'PF04565', 'PF09249', 'PF01269', 'PF00466', 'PF00749', 'PF03439', 'TIGR03685', 'TIGR03683', 'PF03950', 'PF00687', 'PF03484', 'PF04566'], 'GCN1': ['TIGR00549', 'PF02005', 'PF13685', 'TIGR02389', 'PF00411', 'TIGR02153', 'PF00189', 'PF00203', 'PF01351', 'TIGR00392', 'PF01015', 'PF00181', 'PF00312', 'PF00366', 'PF01780', 'PF00177', 'PF01193', 'PF01798', 'PF03947', 'PF04010', 'TIGR01080', 'PF01984', 'TIGR03724', 'PF08069', 'PF01246', 'PF03764', 'PF03719', 'PF01198', 'PF01667', 'PF00276', 'TIGR00289', 'PF00318', 'PF04019', 'PF04997', 'PF06026', 'PF00380', 'PF01849', 'PF01090', 'PF01092', 'PF00900', 'PF04919', 'PF11987', 'TIGR01213', 'PF00164', 'TIGR00336', 'TIGR02076', 'PF01000', 'PF00572', 'PF00238', 'PF00861', 'PF09173', 'PF03874', 'PF00833', 'TIGR00329', 'PF00398', 'TIGR03679', 'PF01912', 'TIGR03677', 'PF07541', 'PF00867', 'TIGR00134', 'PF05221', 'TIGR01018', 'PF08068', 'TIGR03665', 'TIGR02338', 'PF00831', 'PF00297', 'TIGR00468', 'PF01868', 'PF01280', 'TIGR00064', 'PF01655', 'PF01981', 'PF00827', 'TIGR00670', 'PF01192', 'PF00673', 'PF00327', 'PF01194', 'PF00935', 'PF00736', 'PF00623', 'TIGR00442', 'PF04983', 'PF00679', 'PF00562', 'PF00281', 'PF00416', 'PF05000', 'TIGR00057', 'PF00752', 'PF00333', 'PF00410', 'TIGR01046', 'TIGR00522', 'TIGR00425', 'TIGR00422', 'PF01200', 'PF04560', 'PF09377', 'PF04127', 'PF01172', 'PF08071', 'PF05746', 'PF00237', 'PF03876', 'TIGR00432', 'PF01157', 'PF01725', 'PF02978', 'PF00573'], 'GCN2': ['PF01287', 'TIGR00419', 'PF00347', 'PF00750', 'PF06418', 'PF00958'], 'marker lineage': 'k__Archaea', 'GC': 0.4258900347623005, 'GCN4': ['PF01922'], '# scaffolds': 2226, 'Completeness': 84.01792382374907, 'GCN3': ['PF01201'], 'GCN5+': [], '# contigs': 2266, 'Translation table': 11, '# markers': 145, 'Coding density': 0.9819619477865694, 'Mean contig length': 655.3142100617829, '# marker sets': 103, 'N50 (contigs)': 939, '1': 112, '0': 25, '3': 1, '2': 6, 'Longest scaffold': 3450, '4': 1, '5+': 0, 'Contamination': 10.194174757281553, '# predicted genes': 2169, 'N50 (scaffolds)': 942, '# ambiguous bases': 806, 'Mean scaffold length': 667.4519317160826}
Deep-sea_sediment_ERR1730303_Bin1_renamed	{'GC std': 0.01374194734792257, '# genomes': 207, 'Genome size': 660501, 'Longest contig': 14938, 'GCN0': ['PF00832', 'TIGR00408', 'PF13685', 'TIGR02389', 'TIGR02153', 'TIGR00392', 'PF00181', 'TIGR00419', 'PF03764', 'PF13656', 'TIGR00289', 'PF04997', 'PF00380', 'PF01866', 'PF00252', 'PF01201', 'PF04567', 'PF04565', 'PF00900', 'TIGR00336', 'PF00466', 'PF00833', 'PF00398', 'TIGR03679', 'PF01912', 'TIGR00134', 'TIGR03685', 'PF05221', 'PF00297', 'TIGR00468', 'TIGR00064', 'TIGR00670', 'PF01192', 'PF00623', 'PF04983', 'PF00679', 'PF00562', 'PF05000', 'PF04566', 'TIGR00057', 'PF01922', 'TIGR00422', 'PF04560', 'PF01172', 'PF08071', 'PF03876', 'TIGR00432', 'PF02978'], 'GCN1': ['PF00298', 'PF01287', 'TIGR00549', 'PF02005', 'PF00411', 'PF00189', 'PF00203', 'PF01015', 'PF00312', 'PF00366', 'PF01780', 'PF01191', 'PF00177', 'PF01982', 'PF01193', 'PF01798', 'TIGR00389', 'PF03947', 'PF04010', 'TIGR01080', 'PF04563', 'PF01984', 'TIGR03724', 'PF08069', 'PF01246', 'PF03719', 'PF01198', 'PF01667', 'PF00276', 'PF04561', 'PF00318', 'PF04019', 'PF06026', 'TIGR00344', 'PF01849', 'PF01090', 'PF01092', 'PF04919', 'PF11987', 'TIGR01213', 'PF00164', 'PF09249', 'TIGR02076', 'PF01000', 'PF00572', 'PF00750', 'PF00238', 'PF01269', 'PF00861', 'PF09173', 'PF03874', 'TIGR00329', 'PF00749', 'TIGR03677', 'PF07541', 'PF00867', 'PF03439', 'TIGR03683', 'TIGR01018', 'PF08068', 'TIGR03665', 'PF03950', 'TIGR02338', 'PF00831', 'PF06418', 'PF01868', 'PF01280', 'PF01655', 'PF01981', 'PF00827', 'PF00673', 'PF00327', 'PF01194', 'PF00687', 'PF00935', 'PF00736', 'TIGR00442', 'PF03484', 'PF00281', 'PF00416', 'PF00752', 'PF00333', 'PF00410', 'TIGR01046', 'TIGR00522', 'TIGR00425', 'PF01200', 'PF09377', 'PF04127', 'PF05746', 'PF00237', 'PF00958', 'PF01157', 'PF01725', 'PF00573'], 'GCN2': ['PF01351', 'PF00347'], 'marker lineage': 'k__Archaea', 'GC': 0.46190391838922273, 'GCN4': [], '# scaffolds': 201, 'Completeness': 68.83246203634553, 'GCN3': [], 'GCN5+': [], '# contigs': 201, 'Translation table': 11, '# markers': 145, 'Coding density': 0.9071295879945678, 'Mean contig length': 3286.0746268656717, '# marker sets': 103, 'N50 (contigs)': 3502, '1': 95, '0': 48, '3': 0, '2': 2, 'Longest scaffold': 14938, '4': 0, '5+': 0, 'Contamination': 1.941747572815534, '# predicted genes': 903, 'N50 (scaffolds)': 3502, '# ambiguous bases': 0, 'Mean scaffold length': 3286.0746268656717}
XS84_Bin3_renamed	{'GC std': 0.017047871363761423, '# genomes': 207, 'Genome size': 1050468, 'Longest contig': 19613, 'GCN0': ['PF00298', 'PF02005', 'PF13685', 'TIGR02153', 'PF01015', 'PF01780', 'PF01092', 'PF09249', 'PF09173', 'PF01912', 'TIGR00134', 'PF03439', 'PF08068', 'TIGR00064', 'TIGR00670', 'PF01922', 'TIGR00425', 'PF00958'], 'GCN1': ['PF00832', 'PF01287', 'TIGR00549', 'TIGR00408', 'TIGR02389', 'PF00411', 'PF00189', 'PF00203', 'PF01351', 'TIGR00392', 'PF00181', 'PF00312', 'TIGR00419', 'PF00366', 'PF01191', 'PF00177', 'PF01982', 'PF01193', 'PF01798', 'TIGR00389', 'PF03947', 'PF04010', 'TIGR01080', 'PF04563', 'PF01984', 'TIGR03724', 'PF08069', 'PF01246', 'PF03764', 'PF03719', 'PF01198', 'PF01667', 'PF13656', 'PF00276', 'PF04561', 'TIGR00289', 'PF00318', 'PF04019', 'PF04997', 'PF06026', 'PF00380', 'PF01866', 'TIGR00344', 'PF01849', 'PF01090', 'PF00252', 'PF01201', 'PF04567', 'PF04565', 'PF00900', 'PF04919', 'PF11987', 'PF00347', 'TIGR01213', 'PF00164', 'TIGR00336', 'TIGR02076', 'PF01000', 'PF00572', 'PF00750', 'PF00238', 'PF01269', 'PF00861', 'PF03874', 'PF00466', 'PF00833', 'TIGR00329', 'PF00398', 'TIGR03679', 'PF00749', 'TIGR03677', 'PF07541', 'PF00867', 'TIGR03685', 'TIGR03683', 'PF05221', 'TIGR01018', 'TIGR03665', 'PF03950', 'TIGR02338', 'PF00831', 'PF06418', 'PF00297', 'TIGR00468', 'PF01868', 'PF01280', 'PF01655', 'PF01981', 'PF00827', 'PF01192', 'PF00673', 'PF00327', 'PF01194', 'PF00687', 'PF00935', 'PF00736', 'PF00623', 'TIGR00442', 'PF03484', 'PF04983', 'PF00679', 'PF00562', 'PF00281', 'PF00416', 'PF05000', 'PF04566', 'TIGR00057', 'PF00752', 'PF00333', 'PF00410', 'TIGR01046', 'TIGR00522', 'TIGR00422', 'PF01200', 'PF04560', 'PF09377', 'PF04127', 'PF01172', 'PF08071', 'PF05746', 'PF00237', 'PF03876', 'TIGR00432', 'PF01157', 'PF01725', 'PF02978', 'PF00573'], 'GCN2': [], 'marker lineage': 'k__Archaea', 'GC': 0.46633405301256203, 'GCN4': [], '# scaffolds': 192, 'Completeness': 83.98058252427184, 'GCN3': [], 'GCN5+': [], '# contigs': 192, 'Translation table': 11, '# markers': 145, 'Coding density': 0.8905002341813363, 'Mean contig length': 5471.1875, '# marker sets': 103, 'N50 (contigs)': 6135, '1': 127, '0': 18, '3': 0, '2': 0, 'Longest scaffold': 19613, '4': 0, '5+': 0, 'Contamination': 0.0, '# predicted genes': 1270, 'N50 (scaffolds)': 6135, '# ambiguous bases': 0, 'Mean scaffold length': 5471.1875}
HMT_PAC_renamed	{'GC std': 0.02510790133174393, '# genomes': 207, 'Genome size': 812057, 'Longest contig': 38072, 'GCN0': ['PF01015', 'PF01667', 'PF07541', 'TIGR00064', 'PF00935'], 'GCN1': ['PF00298', 'PF00832', 'PF01287', 'TIGR00549', 'PF02005', 'TIGR00408', 'PF13685', 'TIGR02389', 'PF00411', 'TIGR02153', 'PF00189', 'PF00203', 'PF01351', 'TIGR00392', 'PF00181', 'PF00312', 'PF00366', 'PF01780', 'PF01191', 'PF00177', 'PF01982', 'PF01193', 'PF01798', 'TIGR00389', 'PF03947', 'PF04010', 'TIGR01080', 'PF04563', 'PF01984', 'TIGR03724', 'PF08069', 'PF01246', 'PF03764', 'PF03719', 'PF01198', 'PF13656', 'PF00276', 'PF04561', 'TIGR00289', 'PF00318', 'PF04019', 'PF04997', 'PF06026', 'PF00380', 'PF01866', 'TIGR00344', 'PF01849', 'PF01090', 'PF00252', 'PF01201', 'PF01092', 'PF04567', 'PF04565', 'PF00900', 'PF04919', 'PF11987', 'PF00347', 'TIGR01213', 'PF00164', 'TIGR00336', 'PF09249', 'TIGR02076', 'PF01000', 'PF00572', 'PF00750', 'PF00238', 'PF01269', 'PF00861', 'PF09173', 'PF03874', 'PF00466', 'PF00833', 'TIGR00329', 'PF00398', 'TIGR03679', 'PF00749', 'PF01912', 'TIGR03677', 'PF00867', 'TIGR00134', 'PF03439', 'TIGR03685', 'TIGR03683', 'PF05221', 'TIGR01018', 'PF08068', 'TIGR03665', 'PF03950', 'TIGR02338', 'PF00831', 'PF06418', 'PF00297', 'TIGR00468', 'PF01868', 'PF01280', 'PF01655', 'PF01981', 'PF00827', 'TIGR00670', 'PF01192', 'PF00673', 'PF00327', 'PF01194', 'PF00687', 'PF00736', 'PF00623', 'TIGR00442', 'PF03484', 'PF04983', 'PF00679', 'PF00562', 'PF00281', 'PF00416', 'PF05000', 'PF04566', 'TIGR00057', 'PF00752', 'PF00333', 'PF00410', 'TIGR01046', 'TIGR00522', 'PF01922', 'TIGR00425', 'TIGR00422', 'PF01200', 'PF04560', 'PF09377', 'PF04127', 'PF01172', 'PF08071', 'PF05746', 'PF00237', 'PF00958', 'PF03876', 'TIGR00432', 'PF01157', 'PF01725', 'PF02978', 'PF00573'], 'GCN2': ['TIGR00419'], 'marker lineage': 'k__Archaea', 'GC': 0.32755005565505946, 'GCN4': [], '# scaffolds': 98, 'Completeness': 96.11650485436893, 'GCN3': [], 'GCN5+': [], '# contigs': 107, 'Translation table': 11, '# markers': 145, 'Coding density': 0.9365204659278844, 'Mean contig length': 7581.747663551402, '# marker sets': 103, 'N50 (contigs)': 12288, '1': 139, '0': 5, '3': 0, '2': 1, 'Longest scaffold': 47305, '4': 0, '5+': 0, 'Contamination': 0.970873786407767, '# predicted genes': 968, 'N50 (scaffolds)': 14435, '# ambiguous bases': 810, 'Mean scaffold length': 8286.295918367347}
Unclassified_Thaumarchaeota_DRTY_7_bin_36_renamed	{'GC std': 0.02189584137379827, '# genomes': 207, 'Genome size': 1241443, 'Longest contig': 56945, 'GCN0': ['TIGR00392', 'TIGR01213', 'PF00833', 'TIGR03679', 'PF01981', 'TIGR00442', 'PF04127'], 'GCN1': ['PF00298', 'PF00832', 'PF01287', 'TIGR00549', 'PF02005', 'TIGR00408', 'PF13685', 'TIGR02389', 'PF00411', 'TIGR02153', 'PF00189', 'PF00203', 'PF01351', 'PF01015', 'PF00181', 'PF00312', 'TIGR00419', 'PF00366', 'PF01780', 'PF01191', 'PF00177', 'PF01982', 'PF01193', 'PF01798', 'TIGR00389', 'PF03947', 'PF04010', 'TIGR01080', 'PF04563', 'PF01984', 'PF08069', 'PF01246', 'PF03764', 'PF03719', 'PF01198', 'PF01667', 'PF13656', 'PF00276', 'PF04561', 'TIGR00289', 'PF00318', 'PF04019', 'PF04997', 'PF06026', 'PF00380', 'PF01866', 'TIGR00344', 'PF01849', 'PF01090', 'PF00252', 'PF01201', 'PF01092', 'PF04567', 'PF04565', 'PF00900', 'PF04919', 'PF11987', 'PF00347', 'PF00164', 'TIGR00336', 'PF09249', 'TIGR02076', 'PF01000', 'PF00572', 'PF00750', 'PF00238', 'PF01269', 'PF00861', 'PF09173', 'PF03874', 'PF00466', 'TIGR00329', 'PF00398', 'PF00749', 'PF01912', 'TIGR03677', 'PF07541', 'PF00867', 'TIGR00134', 'PF03439', 'TIGR03685', 'TIGR03683', 'PF05221', 'TIGR01018', 'PF08068', 'TIGR03665', 'PF03950', 'TIGR02338', 'PF00831', 'PF06418', 'PF00297', 'TIGR00468', 'PF01868', 'PF01280', 'TIGR00064', 'PF01655', 'PF00827', 'TIGR00670', 'PF01192', 'PF00673', 'PF00327', 'PF01194', 'PF00687', 'PF00935', 'PF00736', 'PF00623', 'PF03484', 'PF04983', 'PF00679', 'PF00562', 'PF00281', 'PF00416', 'PF05000', 'PF04566', 'TIGR00057', 'PF00752', 'PF00333', 'PF00410', 'TIGR01046', 'TIGR00522', 'PF01922', 'TIGR00425', 'TIGR00422', 'PF01200', 'PF04560', 'PF09377', 'PF01172', 'PF08071', 'PF05746', 'PF00237', 'PF00958', 'PF03876', 'TIGR00432', 'PF01157', 'PF01725', 'PF02978', 'PF00573'], 'GCN2': ['TIGR03724'], 'marker lineage': 'k__Archaea', 'GC': 0.36115149869949725, 'GCN4': [], '# scaffolds': 167, 'Completeness': 93.68932038834951, 'GCN3': [], 'GCN5+': [], '# contigs': 167, 'Translation table': 11, '# markers': 145, 'Coding density': 0.9049082398466946, 'Mean contig length': 7433.790419161676, '# marker sets': 103, 'N50 (contigs)': 10470, '1': 137, '0': 7, '3': 0, '2': 1, 'Longest scaffold': 56945, '4': 0, '5+': 0, 'Contamination': 0.970873786407767, '# predicted genes': 1447, 'N50 (scaffolds)': 10470, '# ambiguous bases': 0, 'Mean scaffold length': 7433.790419161676}
XS84_Bin1_renamed	{'GC std': 0.01339768553478848, '# genomes': 207, 'Genome size': 1234761, 'Longest contig': 21748, 'GCN0': ['PF00832', 'PF13685', 'TIGR00392', 'PF00181', 'PF03764', 'PF13656', 'PF01866', 'PF00833', 'TIGR03679', 'PF01912', 'TIGR03685', 'PF00679', 'PF04560', 'PF01172'], 'GCN1': ['PF00298', 'PF01287', 'TIGR00549', 'PF02005', 'TIGR00408', 'TIGR02389', 'PF00411', 'TIGR02153', 'PF00189', 'PF00203', 'PF01015', 'PF00312', 'TIGR00419', 'PF00366', 'PF01780', 'PF01191', 'PF00177', 'PF01982', 'PF01193', 'PF01798', 'TIGR00389', 'PF03947', 'PF04010', 'TIGR01080', 'PF04563', 'PF01984', 'TIGR03724', 'PF08069', 'PF01246', 'PF03719', 'PF01198', 'PF01667', 'PF00276', 'PF04561', 'TIGR00289', 'PF00318', 'PF04019', 'PF04997', 'PF06026', 'PF00380', 'TIGR00344', 'PF01849', 'PF01090', 'PF00252', 'PF01201', 'PF01092', 'PF04567', 'PF04565', 'PF00900', 'PF04919', 'PF11987', 'PF00347', 'TIGR01213', 'PF00164', 'TIGR00336', 'PF09249', 'TIGR02076', 'PF01000', 'PF00572', 'PF00750', 'PF00238', 'PF01269', 'PF00861', 'PF09173', 'PF03874', 'PF00466', 'TIGR00329', 'PF00398', 'PF00749', 'TIGR03677', 'PF07541', 'PF00867', 'TIGR00134', 'PF03439', 'TIGR03683', 'PF05221', 'TIGR01018', 'PF08068', 'TIGR03665', 'PF03950', 'TIGR02338', 'PF00831', 'PF06418', 'PF00297', 'TIGR00468', 'PF01868', 'PF01280', 'TIGR00064', 'PF01655', 'PF01981', 'PF00827', 'TIGR00670', 'PF01192', 'PF00673', 'PF00327', 'PF01194', 'PF00687', 'PF00935', 'PF00736', 'PF00623', 'TIGR00442', 'PF03484', 'PF04983', 'PF00562', 'PF00281', 'PF00416', 'PF05000', 'PF04566', 'TIGR00057', 'PF00752', 'PF00333', 'PF00410', 'TIGR01046', 'TIGR00522', 'PF01922', 'TIGR00425', 'TIGR00422', 'PF01200', 'PF09377', 'PF04127', 'PF08071', 'PF05746', 'PF00237', 'PF00958', 'PF03876', 'TIGR00432', 'PF01157', 'PF01725', 'PF02978', 'PF00573'], 'GCN2': ['PF01351'], 'marker lineage': 'k__Archaea', 'GC': 0.4664797479026305, 'GCN4': [], '# scaffolds': 229, 'Completeness': 90.21657953696788, 'GCN3': [], 'GCN5+': [], '# contigs': 229, 'Translation table': 11, '# markers': 145, 'Coding density': 0.9003224105717624, 'Mean contig length': 5391.96943231441, '# marker sets': 103, 'N50 (contigs)': 5924, '1': 130, '0': 14, '3': 0, '2': 1, 'Longest scaffold': 21748, '4': 0, '5+': 0, 'Contamination': 0.970873786407767, '# predicted genes': 1502, 'N50 (scaffolds)': 5924, '# ambiguous bases': 0, 'Mean scaffold length': 5391.96943231441}
Thaumarchaeota_archaeon_UBA183_renamed	{'GC std': 0.013459952301753451, '# genomes': 207, 'Genome size': 808330, 'Longest contig': 32678, 'GCN0': ['PF02005', 'PF00411', 'TIGR02153', 'PF01351', 'TIGR00392', 'PF00181', 'TIGR00419', 'PF01191', 'PF01798', 'TIGR00389', 'PF04010', 'PF04563', 'PF03764', 'PF04561', 'PF00318', 'PF04019', 'PF04997', 'PF06026', 'PF01849', 'PF04565', 'PF11987', 'TIGR00336', 'PF09249', 'PF00750', 'PF01269', 'PF00861', 'PF09173', 'PF00466', 'PF00833', 'TIGR00134', 'PF03439', 'TIGR00670', 'PF01192', 'PF00327', 'PF00623', 'PF00562', 'TIGR00057', 'TIGR01046', 'TIGR00522', 'TIGR00422', 'PF04560', 'PF04127', 'PF05746', 'PF03876', 'TIGR00432', 'PF01725'], 'GCN1': ['PF00298', 'PF00832', 'PF01287', 'TIGR00549', 'TIGR00408', 'PF13685', 'TIGR02389', 'PF00189', 'PF00203', 'PF01015', 'PF00312', 'PF00366', 'PF00177', 'PF01193', 'PF03947', 'TIGR01080', 'PF01984', 'TIGR03724', 'PF08069', 'PF01246', 'PF03719', 'PF01198', 'PF01667', 'PF13656', 'PF00276', 'TIGR00289', 'PF00380', 'PF01866', 'TIGR00344', 'PF01090', 'PF00252', 'PF01201', 'PF01092', 'PF04567', 'PF00900', 'PF04919', 'PF00347', 'TIGR01213', 'PF00164', 'TIGR02076', 'PF01000', 'PF00572', 'PF00238', 'PF03874', 'TIGR00329', 'PF00398', 'TIGR03679', 'PF00749', 'PF01912', 'TIGR03677', 'PF07541', 'PF00867', 'TIGR03685', 'TIGR03683', 'PF05221', 'TIGR01018', 'PF08068', 'TIGR03665', 'PF03950', 'PF00831', 'PF06418', 'PF00297', 'TIGR00468', 'PF01868', 'PF01280', 'TIGR00064', 'PF01655', 'PF01981', 'PF00827', 'PF00673', 'PF01194', 'PF00687', 'PF00935', 'PF00736', 'TIGR00442', 'PF03484', 'PF04983', 'PF00679', 'PF00281', 'PF00416', 'PF05000', 'PF04566', 'PF00752', 'PF00333', 'PF00410', 'PF01922', 'TIGR00425', 'PF01200', 'PF09377', 'PF01172', 'PF08071', 'PF00237', 'PF00958', 'PF01157', 'PF02978', 'PF00573'], 'GCN2': ['PF01780', 'PF01982', 'TIGR02338'], 'marker lineage': 'k__Archaea', 'GC': 0.6167440956264268, 'GCN4': [], '# scaffolds': 65, 'Completeness': 66.23101817276574, 'GCN3': [], 'GCN5+': [], '# contigs': 147, 'Translation table': 11, '# markers': 145, 'Coding density': 0.8788056857966424, 'Mean contig length': 5458.884353741497, '# marker sets': 103, 'N50 (contigs)': 10222, '1': 96, '0': 46, '3': 0, '2': 3, 'Longest scaffold': 52695, '4': 0, '5+': 0, 'Contamination': 2.912621359223301, '# predicted genes': 1091, 'N50 (scaffolds)': 19790, '# ambiguous bases': 5874, 'Mean scaffold length': 12435.846153846154}
Thaumarchaeota_archaeon_strain_DS1_renamed	{'GC std': 0.021468453080020378, '# genomes': 207, 'Genome size': 1485980, 'Longest contig': 79416, 'GCN0': ['TIGR02153', 'TIGR00392', 'TIGR00344', 'TIGR01213', 'TIGR00336', 'TIGR03677', 'PF06418', 'PF00297', 'PF01200', 'PF04127', 'PF08071', 'PF00958', 'TIGR00432'], 'GCN1': ['PF00298', 'PF00832', 'PF01287', 'TIGR00549', 'PF02005', 'TIGR00408', 'PF13685', 'TIGR02389', 'PF00411', 'PF00189', 'PF00203', 'PF01351', 'PF01015', 'PF00181', 'TIGR00419', 'PF00366', 'PF01780', 'PF01191', 'PF00177', 'PF01982', 'PF01193', 'PF01798', 'TIGR00389', 'PF03947', 'PF04010', 'TIGR01080', 'PF04563', 'PF01984', 'TIGR03724', 'PF01246', 'PF03764', 'PF03719', 'PF01198', 'PF01667', 'PF13656', 'PF00276', 'PF04561', 'TIGR00289', 'PF00318', 'PF04019', 'PF04997', 'PF06026', 'PF00380', 'PF01866', 'PF01849', 'PF01090', 'PF00252', 'PF01201', 'PF01092', 'PF04567', 'PF04565', 'PF00900', 'PF04919', 'PF11987', 'PF00347', 'PF00164', 'PF09249', 'TIGR02076', 'PF01000', 'PF00572', 'PF00750', 'PF00238', 'PF01269', 'PF00861', 'PF09173', 'PF03874', 'PF00466', 'PF00833', 'TIGR00329', 'PF00398', 'TIGR03679', 'PF00749', 'PF01912', 'PF07541', 'PF00867', 'TIGR00134', 'PF03439', 'TIGR03685', 'TIGR03683', 'PF05221', 'TIGR01018', 'PF08068', 'TIGR03665', 'PF03950', 'TIGR02338', 'PF00831', 'TIGR00468', 'PF01868', 'PF01280', 'TIGR00064', 'PF01655', 'PF01981', 'PF00827', 'TIGR00670', 'PF01192', 'PF00673', 'PF00327', 'PF01194', 'PF00687', 'PF00935', 'PF00736', 'PF00623', 'TIGR00442', 'PF03484', 'PF04983', 'PF00679', 'PF00562', 'PF00281', 'PF00416', 'PF05000', 'PF04566', 'TIGR00057', 'PF00752', 'PF00333', 'PF00410', 'TIGR01046', 'TIGR00522', 'PF01922', 'TIGR00425', 'TIGR00422', 'PF04560', 'PF09377', 'PF01172', 'PF05746', 'PF00237', 'PF03876', 'PF01157', 'PF01725', 'PF02978', 'PF00573'], 'GCN2': ['PF00312', 'PF08069'], 'marker lineage': 'k__Archaea', 'GC': 0.39450438809243327, 'GCN4': [], '# scaffolds': 38, 'Completeness': 89.15857605177992, 'GCN3': [], 'GCN5+': [], '# contigs': 150, 'Translation table': 11, '# markers': 145, 'Coding density': 0.8396001292076609, 'Mean contig length': 9812.92, '# marker sets': 103, 'N50 (contigs)': 17335, '1': 130, '0': 13, '3': 0, '2': 2, 'Longest scaffold': 153490, '4': 0, '5+': 0, 'Contamination': 0.970873786407767, '# predicted genes': 1674, 'N50 (scaffolds)': 59663, '# ambiguous bases': 14042, 'Mean scaffold length': 39104.73684210526}
Mariana_Trench_sediment_5533m_4-6cm_Bin1_renamed	{'GC std': 0.015926090822667716, '# genomes': 207, 'Genome size': 929915, 'Longest contig': 14938, 'GCN0': ['PF00832', 'PF13685', 'TIGR02389', 'TIGR02153', 'TIGR00392', 'PF00181', 'TIGR00419', 'PF03764', 'PF13656', 'TIGR00289', 'PF04997', 'PF00380', 'PF01866', 'PF00900', 'PF00833', 'TIGR03679', 'PF01912', 'TIGR00134', 'TIGR03685', 'PF00623', 'PF04983', 'PF00679', 'TIGR00422', 'PF04560', 'PF01172', 'PF08071', 'TIGR00432'], 'GCN1': ['PF00298', 'PF01287', 'TIGR00549', 'TIGR00408', 'PF00411', 'PF00189', 'PF00203', 'PF01015', 'PF00312', 'PF00366', 'PF01780', 'PF01191', 'PF00177', 'PF01193', 'PF01798', 'TIGR00389', 'PF03947', 'PF04010', 'TIGR01080', 'PF04563', 'PF01984', 'TIGR03724', 'PF08069', 'PF01246', 'PF03719', 'PF01198', 'PF01667', 'PF00276', 'PF04561', 'PF00318', 'PF04019', 'PF06026', 'TIGR00344', 'PF01849', 'PF01090', 'PF00252', 'PF01201', 'PF01092', 'PF04567', 'PF04565', 'PF04919', 'PF11987', 'TIGR01213', 'PF00164', 'TIGR00336', 'PF09249', 'TIGR02076', 'PF01000', 'PF00572', 'PF00750', 'PF00238', 'PF01269', 'PF00861', 'PF09173', 'PF03874', 'PF00466', 'TIGR00329', 'PF00398', 'PF00749', 'TIGR03677', 'PF07541', 'PF00867', 'PF03439', 'TIGR03683', 'TIGR01018', 'PF08068', 'TIGR03665', 'PF03950', 'TIGR02338', 'PF00831', 'PF06418', 'PF00297', 'TIGR00468', 'PF01868', 'PF01280', 'TIGR00064', 'PF01655', 'PF01981', 'PF00827', 'TIGR00670', 'PF01192', 'PF00673', 'PF00327', 'PF01194', 'PF00687', 'PF00935', 'PF00736', 'TIGR00442', 'PF03484', 'PF00562', 'PF00281', 'PF00416', 'PF05000', 'PF04566', 'TIGR00057', 'PF00752', 'PF00333', 'PF00410', 'TIGR01046', 'TIGR00522', 'PF01922', 'TIGR00425', 'PF01200', 'PF09377', 'PF04127', 'PF05746', 'PF00237', 'PF00958', 'PF03876', 'PF01157', 'PF01725', 'PF02978', 'PF00573'], 'GCN2': ['PF02005', 'PF01351', 'PF01982', 'PF00347', 'PF05221'], 'marker lineage': 'k__Archaea', 'GC': 0.46314985778270057, 'GCN4': [], '# scaffolds': 481, 'Completeness': 83.60716952949961, 'GCN3': [], 'GCN5+': [], '# contigs': 481, 'Translation table': 11, '# markers': 145, 'Coding density': 0.9001371093056892, 'Mean contig length': 1933.2952182952183, '# marker sets': 103, 'N50 (contigs)': 2620, '1': 113, '0': 27, '3': 0, '2': 5, 'Longest scaffold': 14938, '4': 0, '5+': 0, 'Contamination': 4.854368932038835, '# predicted genes': 1366, 'N50 (scaffolds)': 2620, '# ambiguous bases': 0, 'Mean scaffold length': 1933.2952182952183}
Thaumarchaeota_archaeon_strain_BS1_renamed	{'GC std': 0.03953364048241096, '# genomes': 207, 'Genome size': 1532059, 'Longest contig': 12678, 'GCN0': ['PF00298', 'PF00832', 'TIGR00549', 'PF02005', 'TIGR00408', 'PF00411', 'TIGR02153', 'PF00189', 'PF01351', 'TIGR00392', 'PF01015', 'PF00181', 'TIGR00419', 'PF00366', 'PF01191', 'PF01982', 'PF01193', 'PF01798', 'TIGR00389', 'PF03947', 'TIGR01080', 'PF04563', 'TIGR03724', 'PF01246', 'PF01667', 'PF13656', 'PF00276', 'PF04561', 'PF00318', 'PF04019', 'PF06026', 'PF00380', 'PF01866', 'TIGR00344', 'PF01090', 'PF00252', 'PF04567', 'PF04565', 'PF00900', 'PF11987', 'PF00347', 'PF09249', 'PF01000', 'PF00572', 'PF00750', 'PF00238', 'PF00466', 'PF00833', 'PF00749', 'TIGR03677', 'PF07541', 'TIGR00134', 'PF03439', 'TIGR03685', 'TIGR03683', 'TIGR01018', 'TIGR03665', 'PF03950', 'PF00831', 'PF00297', 'PF01868', 'PF01655', 'PF00827', 'TIGR00670', 'PF01192', 'PF00673', 'PF01194', 'PF00687', 'PF00935', 'PF00736', 'TIGR00442', 'PF03484', 'PF00281', 'PF00416', 'PF04566', 'TIGR00057', 'PF00410', 'TIGR00422', 'PF01200', 'PF09377', 'PF01172', 'PF08071', 'PF05746', 'PF00958', 'PF03876', 'TIGR00432', 'PF01725', 'PF00573'], 'GCN1': ['PF01287', 'PF13685', 'TIGR02389', 'PF00203', 'PF00312', 'PF01780', 'PF00177', 'PF04010', 'PF01984', 'PF08069', 'PF03764', 'PF03719', 'PF01198', 'TIGR00289', 'PF04997', 'PF01849', 'PF01201', 'PF01092', 'PF04919', 'TIGR01213', 'PF00164', 'TIGR00336', 'TIGR02076', 'PF01269', 'PF00861', 'PF09173', 'PF03874', 'TIGR00329', 'PF00398', 'TIGR03679', 'PF01912', 'PF00867', 'PF05221', 'PF08068', 'TIGR02338', 'PF06418', 'TIGR00468', 'PF01280', 'TIGR00064', 'PF01981', 'PF00327', 'PF00623', 'PF04983', 'PF00679', 'PF00562', 'PF05000', 'PF00752', 'PF00333', 'TIGR01046', 'TIGR00522', 'PF01922', 'TIGR00425', 'PF04560', 'PF04127', 'PF00237', 'PF01157', 'PF02978'], 'GCN2': [], 'marker lineage': 'k__Archaea', 'GC': 0.4154582655305082, 'GCN4': [], '# scaffolds': 76, 'Completeness': 38.3059497137167, 'GCN3': [], 'GCN5+': [], '# contigs': 342, 'Translation table': 11, '# markers': 145, 'Coding density': 0.5309312500367153, 'Mean contig length': 2628.809941520468, '# marker sets': 103, 'N50 (contigs)': 2857, '1': 57, '0': 88, '3': 0, '2': 0, 'Longest scaffold': 229185, '4': 0, '5+': 0, 'Contamination': 0.0, '# predicted genes': 1813, 'N50 (scaffolds)': 25984, '# ambiguous bases': 633006, 'Mean scaffold length': 20158.67105263158}
Thaumarchaeota_ASW2_bin45_renamed	{'GC std': 0.016775981661927328, '# genomes': 207, 'Genome size': 918577, 'Longest contig': 88033, 'GCN0': ['PF00366', 'TIGR01080', 'PF01667', 'PF04019', 'PF00900', 'PF00347', 'PF00238', 'PF09173', 'PF07541', 'PF00831', 'PF01868', 'PF00673', 'PF00935', 'PF00281', 'PF00410', 'PF08071', 'PF03876'], 'GCN1': ['PF00298', 'PF00832', 'PF01287', 'TIGR00549', 'PF02005', 'TIGR00408', 'PF13685', 'TIGR02389', 'PF00411', 'TIGR02153', 'PF00189', 'PF00203', 'PF01351', 'TIGR00392', 'PF01015', 'PF00181', 'PF00312', 'PF01780', 'PF01191', 'PF00177', 'PF01982', 'PF01193', 'PF01798', 'TIGR00389', 'PF03947', 'PF04010', 'PF04563', 'PF01984', 'TIGR03724', 'PF08069', 'PF01246', 'PF03764', 'PF03719', 'PF01198', 'PF13656', 'PF00276', 'PF04561', 'TIGR00289', 'PF00318', 'PF04997', 'PF06026', 'PF00380', 'PF01866', 'TIGR00344', 'PF01849', 'PF01090', 'PF00252', 'PF01201', 'PF01092', 'PF04567', 'PF04565', 'PF04919', 'PF11987', 'TIGR01213', 'PF00164', 'TIGR00336', 'PF09249', 'TIGR02076', 'PF01000', 'PF00572', 'PF00750', 'PF01269', 'PF00861', 'PF03874', 'PF00466', 'PF00833', 'TIGR00329', 'PF00398', 'TIGR03679', 'PF00749', 'PF01912', 'TIGR03677', 'PF00867', 'TIGR00134', 'PF03439', 'TIGR03685', 'TIGR03683', 'PF05221', 'TIGR01018', 'PF08068', 'TIGR03665', 'PF03950', 'TIGR02338', 'PF06418', 'PF00297', 'TIGR00468', 'PF01280', 'TIGR00064', 'PF01655', 'PF01981', 'PF00827', 'TIGR00670', 'PF01192', 'PF00327', 'PF01194', 'PF00687', 'PF00736', 'PF00623', 'TIGR00442', 'PF03484', 'PF04983', 'PF00679', 'PF00562', 'PF00416', 'PF05000', 'PF04566', 'TIGR00057', 'PF00752', 'PF00333', 'TIGR01046', 'TIGR00522', 'PF01922', 'TIGR00425', 'TIGR00422', 'PF01200', 'PF04560', 'PF09377', 'PF04127', 'PF01172', 'PF05746', 'PF00237', 'PF00958', 'TIGR00432', 'PF01157', 'PF01725', 'PF02978', 'PF00573'], 'GCN2': ['TIGR00419'], 'marker lineage': 'k__Archaea', 'GC': 0.31318876915054483, 'GCN4': [], '# scaffolds': 46, 'Completeness': 88.83495145631068, 'GCN3': [], 'GCN5+': [], '# contigs': 46, 'Translation table': 11, '# markers': 145, 'Coding density': 0.9396631964440652, 'Mean contig length': 19969.065217391304, '# marker sets': 103, 'N50 (contigs)': 35482, '1': 127, '0': 17, '3': 0, '2': 1, 'Longest scaffold': 88033, '4': 0, '5+': 0, 'Contamination': 0.970873786407767, '# predicted genes': 1036, 'N50 (scaffolds)': 35482, '# ambiguous bases': 0, 'Mean scaffold length': 19969.065217391304}
Thaumarchaeota_bin_Fn1_renamed	{'GC std': 0.019726009029422002, '# genomes': 207, 'Genome size': 1716974, 'Longest contig': 108222, 'GCN0': ['PF00181', 'TIGR00670', 'PF00327', 'PF04127'], 'GCN1': ['PF00298', 'PF00832', 'PF01287', 'TIGR00549', 'PF02005', 'TIGR00408', 'PF13685', 'TIGR02389', 'PF00411', 'TIGR02153', 'PF00189', 'PF00203', 'PF01351', 'TIGR00392', 'PF01015', 'PF00312', 'TIGR00419', 'PF00366', 'PF01191', 'PF00177', 'PF01982', 'PF01193', 'PF01798', 'TIGR00389', 'PF03947', 'PF04010', 'TIGR01080', 'PF04563', 'PF01984', 'TIGR03724', 'PF08069', 'PF01246', 'PF03764', 'PF03719', 'PF01198', 'PF01667', 'PF13656', 'PF00276', 'PF04561', 'TIGR00289', 'PF00318', 'PF04019', 'PF04997', 'PF06026', 'PF00380', 'PF01866', 'TIGR00344', 'PF01849', 'PF01090', 'PF00252', 'PF01201', 'PF01092', 'PF04567', 'PF04565', 'PF00900', 'PF04919', 'PF11987', 'PF00347', 'TIGR01213', 'PF00164', 'PF09249', 'TIGR02076', 'PF01000', 'PF00572', 'PF00750', 'PF00238', 'PF01269', 'PF00861', 'PF09173', 'PF03874', 'PF00466', 'PF00833', 'TIGR00329', 'PF00398', 'TIGR03679', 'PF00749', 'PF01912', 'TIGR03677', 'PF07541', 'PF00867', 'TIGR00134', 'PF03439', 'TIGR03685', 'TIGR03683', 'PF05221', 'TIGR01018', 'PF08068', 'TIGR03665', 'PF03950', 'TIGR02338', 'PF00831', 'PF06418', 'PF00297', 'TIGR00468', 'PF01868', 'PF01280', 'TIGR00064', 'PF01655', 'PF01981', 'PF00827', 'PF01192', 'PF00673', 'PF01194', 'PF00687', 'PF00935', 'PF00736', 'PF00623', 'TIGR00442', 'PF03484', 'PF04983', 'PF00679', 'PF00562', 'PF00281', 'PF00416', 'PF05000', 'PF04566', 'TIGR00057', 'PF00752', 'PF00333', 'PF00410', 'TIGR00522', 'PF01922', 'TIGR00425', 'TIGR00422', 'PF01200', 'PF04560', 'PF09377', 'PF01172', 'PF08071', 'PF05746', 'PF00237', 'PF00958', 'PF03876', 'TIGR00432', 'PF01157', 'PF01725', 'PF02978', 'PF00573'], 'GCN2': ['PF01780', 'TIGR00336', 'TIGR01046'], 'marker lineage': 'k__Archaea', 'GC': 0.5633457466449696, 'GCN4': [], '# scaffolds': 90, 'Completeness': 97.24919093851132, 'GCN3': [], 'GCN5+': [], '# contigs': 90, 'Translation table': 11, '# markers': 145, 'Coding density': 0.8619717013769573, 'Mean contig length': 19077.48888888889, '# marker sets': 103, 'N50 (contigs)': 33134, '1': 138, '0': 4, '3': 0, '2': 3, 'Longest scaffold': 108222, '4': 0, '5+': 0, 'Contamination': 2.912621359223301, '# predicted genes': 1943, 'N50 (scaffolds)': 33134, '# ambiguous bases': 0, 'Mean scaffold length': 19077.48888888889}
Thaumarchaeota_archaeon_RBG_16_49_8_renamed	{'GC std': 0.016898896386621114, '# genomes': 207, 'Genome size': 1388926, 'Longest contig': 53879, 'GCN0': ['TIGR02389', 'TIGR00392', 'PF00181', 'TIGR00419', 'PF00177', 'PF03764', 'PF01667', 'PF06026', 'PF01866', 'TIGR00344', 'PF01201', 'PF04567', 'TIGR00336', 'PF09249', 'TIGR02076', 'PF00750', 'PF00833', 'PF00398', 'TIGR03679', 'PF01912', 'PF00867', 'TIGR03685', 'TIGR03683', 'TIGR02338', 'TIGR00468', 'PF00827', 'PF00935', 'PF00623', 'PF03484', 'PF04983', 'PF00679', 'PF00562', 'PF00416', 'PF05000', 'PF04566', 'TIGR00057', 'PF00752', 'TIGR01046', 'TIGR00522', 'PF01922', 'PF04560', 'PF04127', 'PF05746', 'TIGR00432'], 'GCN1': ['PF00298', 'PF00832', 'PF01287', 'TIGR00549', 'PF02005', 'TIGR00408', 'PF13685', 'PF00411', 'TIGR02153', 'PF00189', 'PF00203', 'PF01351', 'PF01015', 'PF00312', 'PF00366', 'PF01780', 'PF01191', 'PF01982', 'PF01193', 'PF01798', 'TIGR00389', 'PF03947', 'PF04010', 'TIGR01080', 'PF04563', 'PF01984', 'TIGR03724', 'PF08069', 'PF01246', 'PF03719', 'PF01198', 'PF13656', 'PF00276', 'PF04561', 'TIGR00289', 'PF00318', 'PF04019', 'PF04997', 'PF00380', 'PF01849', 'PF01090', 'PF00252', 'PF01092', 'PF04565', 'PF00900', 'PF04919', 'PF11987', 'PF00347', 'TIGR01213', 'PF00164', 'PF01000', 'PF00572', 'PF00238', 'PF01269', 'PF00861', 'PF09173', 'PF03874', 'PF00466', 'TIGR00329', 'PF00749', 'TIGR03677', 'PF07541', 'TIGR00134', 'PF03439', 'PF05221', 'TIGR01018', 'PF08068', 'TIGR03665', 'PF03950', 'PF00831', 'PF06418', 'PF00297', 'PF01868', 'PF01280', 'TIGR00064', 'PF01655', 'PF01981', 'TIGR00670', 'PF01192', 'PF00673', 'PF00327', 'PF01194', 'PF00687', 'PF00736', 'TIGR00442', 'PF00281', 'PF00333', 'PF00410', 'TIGR00425', 'TIGR00422', 'PF01200', 'PF09377', 'PF01172', 'PF08071', 'PF00237', 'PF00958', 'PF03876', 'PF01157', 'PF01725', 'PF02978', 'PF00573'], 'GCN2': [], 'marker lineage': 'k__Archaea', 'GC': 0.49097396323974224, 'GCN4': [], '# scaffolds': 124, 'Completeness': 71.24719940253921, 'GCN3': [], 'GCN5+': [], '# contigs': 124, 'Translation table': 11, '# markers': 145, 'Coding density': 0.7219427096907971, 'Mean contig length': 11201.016129032258, '# marker sets': 103, 'N50 (contigs)': 12272, '1': 101, '0': 44, '3': 0, '2': 0, 'Longest scaffold': 53879, '4': 0, '5+': 0, 'Contamination': 0.0, '# predicted genes': 1653, 'N50 (scaffolds)': 12272, '# ambiguous bases': 59882, 'Mean scaffold length': 11201.016129032258}
